Código de Modalidad;Población beneficiaria;Instituciones;Agentes educativos cualificados;Periodo;Codigo Caja de Compensacion;Caja de Compensacion;Fecha Creacion
INSTITUCIONAL - CENTRO DESARROLLO INFANTIL;233;1;34;INFO_FONDOS_LEY_ANUAL_FONIÑEZ_2017_C01_P1;13;COMFACA Comfamiliar Caqueta;2017-09-11 07:56:02.633
INSTITUCIONAL - CENTRO DESARROLLO INFANTIL;0;0;0;INFO_FONDOS_LEY_ANUAL_FONIÑEZ_2017_C01_P1;35;COMFAMILIAR Nariño;2017-10-03 07:10:56.447
INSTITUCIONAL - HOGARES INFANTILES;0;0;0;INFO_FONDOS_LEY_ANUAL_FONIÑEZ_2017_C01_P1;35;COMFAMILIAR Nariño;2017-10-03 07:10:56.447
INSTITUCIONAL - HOGARES LACTANTES;0;0;0;INFO_FONDOS_LEY_ANUAL_FONIÑEZ_2017_C01_P1;35;COMFAMILIAR Nariño;2017-10-03 07:10:56.447
INSTITUCIONAL - HCB MÚLTIPLES;0;0;0;INFO_FONDOS_LEY_ANUAL_FONIÑEZ_2017_C01_P1;35;COMFAMILIAR Nariño;2017-10-03 07:10:56.447
INSTITUCIONAL - HCB EMPRESARIALES;0;0;0;INFO_FONDOS_LEY_ANUAL_FONIÑEZ_2017_C01_P1;35;COMFAMILIAR Nariño;2017-10-03 07:10:56.447
INSTITUCIONAL - CENTRO DESARROLLO INFANTIL;0;0;0;INFO_FONDOS_LEY_ANUAL_FONIÑEZ_2017_C01_P1;35;COMFAMILIAR Nariño;2017-10-03 07:10:56.447
INSTITUCIONAL - CENTRO DESARROLLO INFANTIL;0;0;0;INFO_FONDOS_LEY_ANUAL_FONIÑEZ_2017_C01_P1;35;COMFAMILIAR Nariño;2017-10-03 07:10:56.447
INSTITUCIONAL - CENTRO DESARROLLO INFANTIL;0;0;0;INFO_FONDOS_LEY_ANUAL_FONIÑEZ_2017_C01_P1;35;COMFAMILIAR Nariño;2017-10-03 07:10:56.447
INSTITUCIONAL - CENTRO DESARROLLO INFANTIL;4680;39;0;INFO_FONDOS_LEY_ANUAL_FONIÑEZ_2017_C01_P1;35;COMFAMILIAR Nariño;2017-10-03 07:10:56.447
INSTITUCIONAL - CENTRO DESARROLLO INFANTIL;0;0;0;INFO_FONDOS_LEY_ANUAL_FONIÑEZ_2017_C01_P1;35;COMFAMILIAR Nariño;2017-10-03 07:10:56.447
INSTITUCIONAL - CENTRO DESARROLLO INFANTIL;0;0;0;INFO_FONDOS_LEY_ANUAL_FONIÑEZ_2017_C01_P1;35;COMFAMILIAR Nariño;2017-10-03 07:10:56.447
INSTITUCIONAL - JARDINES SOCIALES;540;0;76;INFO_FONDOS_LEY_ANUAL_FONIÑEZ_2017_C01_P1;35;COMFAMILIAR Nariño;2017-10-03 07:10:56.447
INSTITUCIONAL - PREESCOLARES;0;0;0;INFO_FONDOS_LEY_ANUAL_FONIÑEZ_2017_C01_P1;35;COMFAMILIAR Nariño;2017-10-03 07:10:56.447
INSTITUCIONAL - NIÑOS Y NIÑAS HASTA LOS 3 AÑOS HIJOS DE MUJERES PRIVADA DE LA LIBERTAD;0;0;0;INFO_FONDOS_LEY_ANUAL_FONIÑEZ_2017_C01_P1;35;COMFAMILIAR Nariño;2017-10-03 07:10:56.447
FAMILIAR - DESARROLLO INFANTIL EN MEDIO FAMILIAR;0;0;0;INFO_FONDOS_LEY_ANUAL_FONIÑEZ_2017_C01_P1;35;COMFAMILIAR Nariño;2017-10-03 07:10:56.447
INSTITUCIONAL - CENTRO DESARROLLO INFANTIL;0;0;0;INFO_FONDOS_LEY_ANUAL_FONIÑEZ_2017_C01_P1;35;COMFAMILIAR Nariño;2017-10-03 07:10:56.447
INSTITUCIONAL - CENTRO DESARROLLO INFANTIL;0;0;0;INFO_FONDOS_LEY_ANUAL_FONIÑEZ_2017_C01_P1;35;COMFAMILIAR Nariño;2017-10-03 07:10:56.447
INSTITUCIONAL - CENTRO DESARROLLO INFANTIL;640;2;84;INFO_FONDOS_LEY_ANUAL_FONIÑEZ_2017_C01_P1;32;COMFAMILIAR Huila;2017-10-03 07:58:12.093
INSTITUCIONAL - CENTRO DESARROLLO INFANTIL;760;3;0;INFO_FONDOS_LEY_ANUAL_FONIÑEZ_2017_C01_P1;21;CAFAM;2017-10-03 10:10:51.150
INSTITUCIONAL - JARDINES SOCIALES;6442;11;500;INFO_FONDOS_LEY_ANUAL_FONIÑEZ_2017_C01_P1;21;CAFAM;2017-10-03 10:10:51.150
INSTITUCIONAL - CENTRO DESARROLLO INFANTIL;3870;26;234;INFO_FONDOS_LEY_ANUAL_FONIÑEZ_2017_C01_P1;30;COMFAGUAJIRA;2017-10-03 10:56:09.293
INSTITUCIONAL - HOGARES INFANTILES;1520;93;126;INFO_FONDOS_LEY_ANUAL_FONIÑEZ_2017_C01_P1;30;COMFAGUAJIRA;2017-10-03 10:56:09.293
INSTITUCIONAL - CENTRO DESARROLLO INFANTIL;3640;280;280;INFO_FONDOS_LEY_ANUAL_FONIÑEZ_2017_C01_P1;7;COMFAMILIAR Atlántico;2017-10-03 11:03:17.697
INSTITUCIONAL - JARDINES SOCIALES;299;1;23;INFO_FONDOS_LEY_ANUAL_FONIÑEZ_2017_C01_P1;7;COMFAMILIAR Atlántico;2017-10-03 11:03:17.697
INSTITUCIONAL - CENTRO DESARROLLO INFANTIL;319;3;27;INFO_FONDOS_LEY_ANUAL_FONIÑEZ_2017_C01_P1;41;COMFASUCRE;2017-10-03 11:08:44.437
INSTITUCIONAL - HOGARES INFANTILES;297;2;12;INFO_FONDOS_LEY_ANUAL_FONIÑEZ_2017_C01_P1;41;COMFASUCRE;2017-10-03 11:08:44.437
INSTITUCIONAL - PREESCOLARES;203;2;18;INFO_FONDOS_LEY_ANUAL_FONIÑEZ_2017_C01_P1;41;COMFASUCRE;2017-10-03 11:08:44.437
INSTITUCIONAL - CENTRO DESARROLLO INFANTIL;460;2;1995;INFO_FONDOS_LEY_ANUAL_FONIÑEZ_2017_C01_P1;57;COMFANDI;2017-10-03 13:16:54.227
INSTITUCIONAL - CENTRO DESARROLLO INFANTIL;1242;8;19;INFO_FONDOS_LEY_ANUAL_FONIÑEZ_2017_C01_P1;44;COMFAMILIAR Risaralda;2017-10-03 13:36:37.323
INSTITUCIONAL - CENTRO DESARROLLO INFANTIL;1800;19;25;INFO_FONDOS_LEY_ANUAL_FONIÑEZ_2017_C01_P1;44;COMFAMILIAR Risaralda;2017-10-03 13:36:37.323
INSTITUCIONAL - CENTRO DESARROLLO INFANTIL;50;1;6;INFO_FONDOS_LEY_ANUAL_FONIÑEZ_2017_C01_P1;44;COMFAMILIAR Risaralda;2017-10-03 13:36:37.323
INSTITUCIONAL - CENTRO DESARROLLO INFANTIL;150;3;18;INFO_FONDOS_LEY_ANUAL_FONIÑEZ_2017_C01_P1;44;COMFAMILIAR Risaralda;2017-10-03 13:36:37.323
INSTITUCIONAL - HOGARES INFANTILES;60;1;75;INFO_FONDOS_LEY_ANUAL_FONIÑEZ_2017_C01_P1;3;COMFENALCO Antioquia;2017-10-03 13:59:09.033
INSTITUCIONAL - JARDINES SOCIALES;440;2;420;INFO_FONDOS_LEY_ANUAL_FONIÑEZ_2017_C01_P1;3;COMFENALCO Antioquia;2017-10-03 13:59:09.033
INSTITUCIONAL - CENTRO DESARROLLO INFANTIL;6178;29;4419;INFO_FONDOS_LEY_ANUAL_FONIÑEZ_2017_C01_P1;3;COMFENALCO Antioquia;2017-10-03 13:59:09.033
INSTITUCIONAL - CENTRO DESARROLLO INFANTIL;1242;8;19;INFO_FONDOS_LEY_ANUAL_FONIÑEZ_2017_C01_P1;44;COMFAMILIAR Risaralda;2017-10-03 14:10:59.617
INSTITUCIONAL - CENTRO DESARROLLO INFANTIL;1800;19;25;INFO_FONDOS_LEY_ANUAL_FONIÑEZ_2017_C01_P1;44;COMFAMILIAR Risaralda;2017-10-03 14:10:59.617
INSTITUCIONAL - CENTRO DESARROLLO INFANTIL;50;1;6;INFO_FONDOS_LEY_ANUAL_FONIÑEZ_2017_C01_P1;44;COMFAMILIAR Risaralda;2017-10-03 14:10:59.617
INSTITUCIONAL - CENTRO DESARROLLO INFANTIL;150;3;18;INFO_FONDOS_LEY_ANUAL_FONIÑEZ_2017_C01_P1;44;COMFAMILIAR Risaralda;2017-10-03 14:10:59.617
INSTITUCIONAL - CENTRO DESARROLLO INFANTIL;3024;39;216;INFO_FONDOS_LEY_ANUAL_FONIÑEZ_2017_C01_P1;50;COMFENALCO Tolima;2017-10-03 14:21:16.437
INSTITUCIONAL - CENTRO DESARROLLO INFANTIL;0;0;0;INFO_FONDOS_LEY_ANUAL_FONIÑEZ_2017_C01_P1;11;COMFAMILIAR Caldas;2017-10-03 15:25:00.160
INSTITUCIONAL - CENTRO DESARROLLO INFANTIL;0;0;0;INFO_FONDOS_LEY_ANUAL_FONIÑEZ_2017_C01_P1;11;COMFAMILIAR Caldas;2017-10-03 15:25:00.160
INSTITUCIONAL - CENTRO DESARROLLO INFANTIL;6200;147;3511;INFO_FONDOS_LEY_ANUAL_FONIÑEZ_2017_C01_P1;11;COMFAMILIAR Caldas;2017-10-03 15:25:00.160
INSTITUCIONAL - CENTRO DESARROLLO INFANTIL;0;0;0;INFO_FONDOS_LEY_ANUAL_FONIÑEZ_2017_C01_P1;11;COMFAMILIAR Caldas;2017-10-03 15:25:00.160
INSTITUCIONAL - CENTRO DESARROLLO INFANTIL;0;0;0;INFO_FONDOS_LEY_ANUAL_FONIÑEZ_2017_C01_P1;11;COMFAMILIAR Caldas;2017-10-03 15:25:00.160
INSTITUCIONAL - NIÑOS Y NIÑAS HASTA LOS 3 AÑOS HIJOS DE MUJERES PRIVADA DE LA LIBERTAD;0;0;0;INFO_FONDOS_LEY_ANUAL_FONIÑEZ_2017_C01_P1;11;COMFAMILIAR Caldas;2017-10-03 15:25:00.160
FAMILIAR - DESARROLLO INFANTIL EN MEDIO FAMILIAR;0;0;0;INFO_FONDOS_LEY_ANUAL_FONIÑEZ_2017_C01_P1;11;COMFAMILIAR Caldas;2017-10-03 15:25:00.160
INSTITUCIONAL - CENTRO DESARROLLO INFANTIL;0;0;0;INFO_FONDOS_LEY_ANUAL_FONIÑEZ_2017_C01_P1;11;COMFAMILIAR Caldas;2017-10-03 15:25:00.160
INSTITUCIONAL - CENTRO DESARROLLO INFANTIL;0;0;0;INFO_FONDOS_LEY_ANUAL_FONIÑEZ_2017_C01_P1;11;COMFAMILIAR Caldas;2017-10-03 15:25:00.160
INSTITUCIONAL - CENTRO DESARROLLO INFANTIL;0;0;0;INFO_FONDOS_LEY_ANUAL_FONIÑEZ_2017_C01_P1;11;COMFAMILIAR Caldas;2017-10-03 15:25:00.160
INSTITUCIONAL - CENTRO DESARROLLO INFANTIL;0;0;0;INFO_FONDOS_LEY_ANUAL_FONIÑEZ_2017_C01_P1;11;COMFAMILIAR Caldas;2017-10-03 15:25:00.160
INSTITUCIONAL - HOGARES INFANTILES;0;0;0;INFO_FONDOS_LEY_ANUAL_FONIÑEZ_2017_C01_P1;11;COMFAMILIAR Caldas;2017-10-03 15:25:00.160
INSTITUCIONAL - HOGARES LACTANTES;0;0;0;INFO_FONDOS_LEY_ANUAL_FONIÑEZ_2017_C01_P1;11;COMFAMILIAR Caldas;2017-10-03 15:25:00.160
INSTITUCIONAL - HCB MÚLTIPLES;0;0;0;INFO_FONDOS_LEY_ANUAL_FONIÑEZ_2017_C01_P1;11;COMFAMILIAR Caldas;2017-10-03 15:25:00.160
INSTITUCIONAL - HCB EMPRESARIALES;0;0;0;INFO_FONDOS_LEY_ANUAL_FONIÑEZ_2017_C01_P1;11;COMFAMILIAR Caldas;2017-10-03 15:25:00.160
INSTITUCIONAL - JARDINES SOCIALES;0;0;0;INFO_FONDOS_LEY_ANUAL_FONIÑEZ_2017_C01_P1;11;COMFAMILIAR Caldas;2017-10-03 15:25:00.160
INSTITUCIONAL - PREESCOLARES;0;0;0;INFO_FONDOS_LEY_ANUAL_FONIÑEZ_2017_C01_P1;11;COMFAMILIAR Caldas;2017-10-03 15:25:00.160
INSTITUCIONAL - CENTRO DESARROLLO INFANTIL;1174;5;97;INFO_FONDOS_LEY_ANUAL_FONIÑEZ_2017_C01_P1;15;COMFACESAR;2017-10-03 16:12:00.837
INSTITUCIONAL - CENTRO DESARROLLO INFANTIL;3410;284;284;INFO_FONDOS_LEY_ANUAL_FONIÑEZ_2017_C01_P1;15;COMFACESAR;2017-10-03 16:12:00.837
INSTITUCIONAL - CENTRO DESARROLLO INFANTIL;600;50;50;INFO_FONDOS_LEY_ANUAL_FONIÑEZ_2017_C01_P1;15;COMFACESAR;2017-10-03 16:12:00.837
INSTITUCIONAL - CENTRO DESARROLLO INFANTIL;0;0;0;INFO_FONDOS_LEY_ANUAL_FONIÑEZ_2017_C01_P1;33;CAJAMAG;2017-10-03 16:26:45.400
INSTITUCIONAL - CENTRO DESARROLLO INFANTIL;0;0;0;INFO_FONDOS_LEY_ANUAL_FONIÑEZ_2017_C01_P1;33;CAJAMAG;2017-10-03 16:26:45.400
INSTITUCIONAL - CENTRO DESARROLLO INFANTIL;0;0;0;INFO_FONDOS_LEY_ANUAL_FONIÑEZ_2017_C01_P1;33;CAJAMAG;2017-10-03 16:26:45.400
INSTITUCIONAL - CENTRO DESARROLLO INFANTIL;0;0;0;INFO_FONDOS_LEY_ANUAL_FONIÑEZ_2017_C01_P1;33;CAJAMAG;2017-10-03 16:26:45.400
INSTITUCIONAL - CENTRO DESARROLLO INFANTIL;0;0;0;INFO_FONDOS_LEY_ANUAL_FONIÑEZ_2017_C01_P1;33;CAJAMAG;2017-10-03 16:26:45.400
INSTITUCIONAL - HCB MÚLTIPLES;0;0;0;INFO_FONDOS_LEY_ANUAL_FONIÑEZ_2017_C01_P1;33;CAJAMAG;2017-10-03 16:26:45.400
INSTITUCIONAL - HCB EMPRESARIALES;0;0;0;INFO_FONDOS_LEY_ANUAL_FONIÑEZ_2017_C01_P1;33;CAJAMAG;2017-10-03 16:26:45.400
INSTITUCIONAL - JARDINES SOCIALES;0;0;0;INFO_FONDOS_LEY_ANUAL_FONIÑEZ_2017_C01_P1;33;CAJAMAG;2017-10-03 16:26:45.400
INSTITUCIONAL - PREESCOLARES;0;0;0;INFO_FONDOS_LEY_ANUAL_FONIÑEZ_2017_C01_P1;33;CAJAMAG;2017-10-03 16:26:45.400
INSTITUCIONAL - NIÑOS Y NIÑAS HASTA LOS 3 AÑOS HIJOS DE MUJERES PRIVADA DE LA LIBERTAD;0;0;0;INFO_FONDOS_LEY_ANUAL_FONIÑEZ_2017_C01_P1;33;CAJAMAG;2017-10-03 16:26:45.400
FAMILIAR - DESARROLLO INFANTIL EN MEDIO FAMILIAR;0;0;0;INFO_FONDOS_LEY_ANUAL_FONIÑEZ_2017_C01_P1;33;CAJAMAG;2017-10-03 16:26:45.400
INSTITUCIONAL - CENTRO DESARROLLO INFANTIL;0;0;0;INFO_FONDOS_LEY_ANUAL_FONIÑEZ_2017_C01_P1;33;CAJAMAG;2017-10-03 16:26:45.400
INSTITUCIONAL - CENTRO DESARROLLO INFANTIL;13000;108;30;INFO_FONDOS_LEY_ANUAL_FONIÑEZ_2017_C01_P1;33;CAJAMAG;2017-10-03 16:26:45.400
INSTITUCIONAL - CENTRO DESARROLLO INFANTIL;0;0;0;INFO_FONDOS_LEY_ANUAL_FONIÑEZ_2017_C01_P1;33;CAJAMAG;2017-10-03 16:26:45.400
INSTITUCIONAL - CENTRO DESARROLLO INFANTIL;0;0;0;INFO_FONDOS_LEY_ANUAL_FONIÑEZ_2017_C01_P1;33;CAJAMAG;2017-10-03 16:26:45.400
INSTITUCIONAL - HOGARES INFANTILES;0;0;0;INFO_FONDOS_LEY_ANUAL_FONIÑEZ_2017_C01_P1;33;CAJAMAG;2017-10-03 16:26:45.400
INSTITUCIONAL - HOGARES LACTANTES;0;0;0;INFO_FONDOS_LEY_ANUAL_FONIÑEZ_2017_C01_P1;33;CAJAMAG;2017-10-03 16:26:45.400
INSTITUCIONAL - CENTRO DESARROLLO INFANTIL;3210;240;240;INFO_FONDOS_LEY_ANUAL_FONIÑEZ_2017_C01_P1;6;COMBARRANQUILLA;2017-10-03 16:39:18.403
INSTITUCIONAL - CENTRO DESARROLLO INFANTIL;702;11;56;INFO_FONDOS_LEY_ANUAL_FONIÑEZ_2017_C01_P1;14;COMFACAUCA;2017-10-03 17:00:49.780
INSTITUCIONAL - CENTRO DESARROLLO INFANTIL;0;0;0;INFO_FONDOS_LEY_ANUAL_FONIÑEZ_2017_C01_P1;14;COMFACAUCA;2017-10-03 17:00:49.780
INSTITUCIONAL - CENTRO DESARROLLO INFANTIL;0;0;0;INFO_FONDOS_LEY_ANUAL_FONIÑEZ_2017_C01_P1;14;COMFACAUCA;2017-10-03 17:00:49.780
INSTITUCIONAL - CENTRO DESARROLLO INFANTIL;0;0;0;INFO_FONDOS_LEY_ANUAL_FONIÑEZ_2017_C01_P1;14;COMFACAUCA;2017-10-03 17:00:49.780
INSTITUCIONAL - CENTRO DESARROLLO INFANTIL;0;0;0;INFO_FONDOS_LEY_ANUAL_FONIÑEZ_2017_C01_P1;14;COMFACAUCA;2017-10-03 17:00:49.780
INSTITUCIONAL - CENTRO DESARROLLO INFANTIL;0;0;0;INFO_FONDOS_LEY_ANUAL_FONIÑEZ_2017_C01_P1;14;COMFACAUCA;2017-10-03 17:00:49.780
INSTITUCIONAL - CENTRO DESARROLLO INFANTIL;0;0;0;INFO_FONDOS_LEY_ANUAL_FONIÑEZ_2017_C01_P1;14;COMFACAUCA;2017-10-03 17:00:49.780
INSTITUCIONAL - CENTRO DESARROLLO INFANTIL;0;0;0;INFO_FONDOS_LEY_ANUAL_FONIÑEZ_2017_C01_P1;14;COMFACAUCA;2017-10-03 17:00:49.780
INSTITUCIONAL - CENTRO DESARROLLO INFANTIL;0;0;0;INFO_FONDOS_LEY_ANUAL_FONIÑEZ_2017_C01_P1;14;COMFACAUCA;2017-10-03 17:00:49.780
INSTITUCIONAL - CENTRO DESARROLLO INFANTIL;0;0;0;INFO_FONDOS_LEY_ANUAL_FONIÑEZ_2017_C01_P1;14;COMFACAUCA;2017-10-03 17:00:49.780
INSTITUCIONAL - CENTRO DESARROLLO INFANTIL;0;0;0;INFO_FONDOS_LEY_ANUAL_FONIÑEZ_2017_C01_P1;14;COMFACAUCA;2017-10-03 17:00:49.780
INSTITUCIONAL - CENTRO DESARROLLO INFANTIL;0;0;0;INFO_FONDOS_LEY_ANUAL_FONIÑEZ_2017_C01_P1;14;COMFACAUCA;2017-10-03 17:00:49.780
INSTITUCIONAL - CENTRO DESARROLLO INFANTIL;0;0;0;INFO_FONDOS_LEY_ANUAL_FONIÑEZ_2017_C01_P1;14;COMFACAUCA;2017-10-03 17:00:49.780
INSTITUCIONAL - CENTRO DESARROLLO INFANTIL;0;0;0;INFO_FONDOS_LEY_ANUAL_FONIÑEZ_2017_C01_P1;14;COMFACAUCA;2017-10-03 17:00:49.780
INSTITUCIONAL - CENTRO DESARROLLO INFANTIL;0;0;0;INFO_FONDOS_LEY_ANUAL_FONIÑEZ_2017_C01_P1;14;COMFACAUCA;2017-10-03 17:00:49.780
INSTITUCIONAL - CENTRO DESARROLLO INFANTIL;0;0;0;INFO_FONDOS_LEY_ANUAL_FONIÑEZ_2017_C01_P1;14;COMFACAUCA;2017-10-03 17:00:49.780
INSTITUCIONAL - CENTRO DESARROLLO INFANTIL;0;0;0;INFO_FONDOS_LEY_ANUAL_FONIÑEZ_2017_C01_P1;14;COMFACAUCA;2017-10-03 17:00:49.780
INSTITUCIONAL - CENTRO DESARROLLO INFANTIL;0;0;0;INFO_FONDOS_LEY_ANUAL_FONIÑEZ_2017_C01_P1;14;COMFACAUCA;2017-10-03 17:00:49.780
INSTITUCIONAL - CENTRO DESARROLLO INFANTIL;0;0;0;INFO_FONDOS_LEY_ANUAL_FONIÑEZ_2017_C01_P1;14;COMFACAUCA;2017-10-03 17:00:49.780
INSTITUCIONAL - CENTRO DESARROLLO INFANTIL;0;0;0;INFO_FONDOS_LEY_ANUAL_FONIÑEZ_2017_C01_P1;14;COMFACAUCA;2017-10-03 17:00:49.780
INSTITUCIONAL - CENTRO DESARROLLO INFANTIL;0;0;0;INFO_FONDOS_LEY_ANUAL_FONIÑEZ_2017_C01_P1;14;COMFACAUCA;2017-10-03 17:00:49.780
INSTITUCIONAL - CENTRO DESARROLLO INFANTIL;0;0;0;INFO_FONDOS_LEY_ANUAL_FONIÑEZ_2017_C01_P1;14;COMFACAUCA;2017-10-03 17:00:49.780
INSTITUCIONAL - CENTRO DESARROLLO INFANTIL;0;0;0;INFO_FONDOS_LEY_ANUAL_FONIÑEZ_2017_C01_P1;14;COMFACAUCA;2017-10-03 17:00:49.780
INSTITUCIONAL - CENTRO DESARROLLO INFANTIL;0;0;0;INFO_FONDOS_LEY_ANUAL_FONIÑEZ_2017_C01_P1;14;COMFACAUCA;2017-10-03 17:00:49.780
INSTITUCIONAL - CENTRO DESARROLLO INFANTIL;0;0;0;INFO_FONDOS_LEY_ANUAL_FONIÑEZ_2017_C01_P1;14;COMFACAUCA;2017-10-03 17:00:49.780
INSTITUCIONAL - CENTRO DESARROLLO INFANTIL;0;0;0;INFO_FONDOS_LEY_ANUAL_FONIÑEZ_2017_C01_P1;14;COMFACAUCA;2017-10-03 17:00:49.780
INSTITUCIONAL - CENTRO DESARROLLO INFANTIL;0;0;0;INFO_FONDOS_LEY_ANUAL_FONIÑEZ_2017_C01_P1;14;COMFACAUCA;2017-10-03 17:00:49.780
INSTITUCIONAL - CENTRO DESARROLLO INFANTIL;0;0;0;INFO_FONDOS_LEY_ANUAL_FONIÑEZ_2017_C01_P1;14;COMFACAUCA;2017-10-03 17:00:49.780
INSTITUCIONAL - CENTRO DESARROLLO INFANTIL;0;0;0;INFO_FONDOS_LEY_ANUAL_FONIÑEZ_2017_C01_P1;14;COMFACAUCA;2017-10-03 17:00:49.780
INSTITUCIONAL - CENTRO DESARROLLO INFANTIL;211;1;11;INFO_FONDOS_LEY_ANUAL_FONIÑEZ_2017_C01_P1;5;CAJACOPI Barranquilla;2017-10-03 17:42:55.450
INSTITUCIONAL - CENTRO DESARROLLO INFANTIL;497;37;16;INFO_FONDOS_LEY_ANUAL_FONIÑEZ_2017_C01_P1;68;COMCAJA;2017-10-04 10:22:52.050
INSTITUCIONAL - CENTRO DESARROLLO INFANTIL;1247;7;4;INFO_FONDOS_LEY_ANUAL_FONIÑEZ_2017_C01_P1;68;COMCAJA;2017-10-04 10:22:52.050
FAMILIAR - DESARROLLO INFANTIL EN MEDIO FAMILIAR;1668;50;3;INFO_FONDOS_LEY_ANUAL_FONIÑEZ_2017_C01_P1;68;COMCAJA;2017-10-04 10:22:52.050
INSTITUCIONAL - PREESCOLARES;3349;36;91;INFO_FONDOS_LEY_ANUAL_FONIÑEZ_2017_C01_P1;9;COMFAMILIAR de Cartagena y Bolivar ;2017-10-04 10:49:18.870
INSTITUCIONAL - CENTRO DESARROLLO INFANTIL;162;3;0;INFO_FONDOS_LEY_ANUAL_FONIÑEZ_2017_C01_P1;46;CAFASUR;2017-10-04 11:24:12.063
INSTITUCIONAL - CENTRO DESARROLLO INFANTIL;450;7;43;INFO_FONDOS_LEY_ANUAL_FONIÑEZ_2017_C01_P1;65;CAFAMAZ;2017-10-04 17:09:17.353
INSTITUCIONAL - CENTRO DESARROLLO INFANTIL;2030;10;147;INFO_FONDOS_LEY_ANUAL_FONIÑEZ_2017_C01_P1;8;COMFENALCO Cartagena;2017-10-06 11:56:43.070
INSTITUCIONAL - HOGARES INFANTILES;455;3;26;INFO_FONDOS_LEY_ANUAL_FONIÑEZ_2017_C01_P1;8;COMFENALCO Cartagena;2017-10-06 11:56:43.070
INSTITUCIONAL - PREESCOLARES;371;5;20;INFO_FONDOS_LEY_ANUAL_FONIÑEZ_2017_C01_P1;8;COMFENALCO Cartagena;2017-10-06 11:56:43.070
INSTITUCIONAL - JARDINES SOCIALES;1170;14;107;INFO_FONDOS_LEY_ANUAL_FONIÑEZ_2017_C01_P1;10;COMFABOY;2017-10-06 12:51:13.253
INSTITUCIONAL - JARDINES SOCIALES;1170;14;107;INFO_FONDOS_LEY_ANUAL_FONIÑEZ_2017_C01_P1;10;COMFABOY;2017-10-06 12:51:13.253
INSTITUCIONAL - JARDINES SOCIALES;1170;14;107;INFO_FONDOS_LEY_ANUAL_FONIÑEZ_2017_C01_P1;10;COMFABOY;2017-10-06 12:51:13.253
INSTITUCIONAL - JARDINES SOCIALES;1170;14;107;INFO_FONDOS_LEY_ANUAL_FONIÑEZ_2017_C01_P1;10;COMFABOY;2017-10-06 12:51:13.253
INSTITUCIONAL - JARDINES SOCIALES;1170;14;107;INFO_FONDOS_LEY_ANUAL_FONIÑEZ_2017_C01_P1;10;COMFABOY;2017-10-06 12:51:13.253
INSTITUCIONAL - JARDINES SOCIALES;1170;14;107;INFO_FONDOS_LEY_ANUAL_FONIÑEZ_2017_C01_P1;10;COMFABOY;2017-10-06 12:51:13.253
INSTITUCIONAL - JARDINES SOCIALES;1170;14;107;INFO_FONDOS_LEY_ANUAL_FONIÑEZ_2017_C01_P1;10;COMFABOY;2017-10-06 12:51:13.253
INSTITUCIONAL - JARDINES SOCIALES;1170;14;107;INFO_FONDOS_LEY_ANUAL_FONIÑEZ_2017_C01_P1;10;COMFABOY;2017-10-06 12:51:13.253
INSTITUCIONAL - JARDINES SOCIALES;1170;14;107;INFO_FONDOS_LEY_ANUAL_FONIÑEZ_2017_C01_P1;10;COMFABOY;2017-10-06 12:51:13.253
INSTITUCIONAL - JARDINES SOCIALES;1170;14;107;INFO_FONDOS_LEY_ANUAL_FONIÑEZ_2017_C01_P1;10;COMFABOY;2017-10-06 12:51:13.253
INSTITUCIONAL - JARDINES SOCIALES;1170;14;107;INFO_FONDOS_LEY_ANUAL_FONIÑEZ_2017_C01_P1;10;COMFABOY;2017-10-06 12:51:13.253
INSTITUCIONAL - JARDINES SOCIALES;1170;14;107;INFO_FONDOS_LEY_ANUAL_FONIÑEZ_2017_C01_P1;10;COMFABOY;2017-10-06 12:51:13.253
INSTITUCIONAL - JARDINES SOCIALES;1170;14;107;INFO_FONDOS_LEY_ANUAL_FONIÑEZ_2017_C01_P1;10;COMFABOY;2017-10-06 12:51:13.253
INSTITUCIONAL - JARDINES SOCIALES;1170;14;107;INFO_FONDOS_LEY_ANUAL_FONIÑEZ_2017_C01_P1;10;COMFABOY;2017-10-06 12:51:13.253
INSTITUCIONAL - JARDINES SOCIALES;1170;14;107;INFO_FONDOS_LEY_ANUAL_FONIÑEZ_2017_C01_P1;10;COMFABOY;2017-10-06 12:51:13.253
INSTITUCIONAL - JARDINES SOCIALES;1170;14;107;INFO_FONDOS_LEY_ANUAL_FONIÑEZ_2017_C01_P1;10;COMFABOY;2017-10-06 12:51:13.253
INSTITUCIONAL - JARDINES SOCIALES;1170;14;107;INFO_FONDOS_LEY_ANUAL_FONIÑEZ_2017_C01_P1;10;COMFABOY;2017-10-06 12:51:13.253
INSTITUCIONAL - JARDINES SOCIALES;1170;14;107;INFO_FONDOS_LEY_ANUAL_FONIÑEZ_2017_C01_P1;10;COMFABOY;2017-10-06 12:51:13.253
INSTITUCIONAL - JARDINES SOCIALES;1170;14;107;INFO_FONDOS_LEY_ANUAL_FONIÑEZ_2017_C01_P1;10;COMFABOY;2017-10-06 12:51:13.253
INSTITUCIONAL - JARDINES SOCIALES;1170;14;107;INFO_FONDOS_LEY_ANUAL_FONIÑEZ_2017_C01_P1;10;COMFABOY;2017-10-06 12:51:13.253
INSTITUCIONAL - JARDINES SOCIALES;1170;14;107;INFO_FONDOS_LEY_ANUAL_FONIÑEZ_2017_C01_P1;10;COMFABOY;2017-10-06 12:51:13.253
INSTITUCIONAL - JARDINES SOCIALES;1170;14;107;INFO_FONDOS_LEY_ANUAL_FONIÑEZ_2017_C01_P1;10;COMFABOY;2017-10-06 12:51:13.253
INSTITUCIONAL - JARDINES SOCIALES;1170;14;107;INFO_FONDOS_LEY_ANUAL_FONIÑEZ_2017_C01_P1;10;COMFABOY;2017-10-06 12:51:13.253
INSTITUCIONAL - JARDINES SOCIALES;1170;14;107;INFO_FONDOS_LEY_ANUAL_FONIÑEZ_2017_C01_P1;10;COMFABOY;2017-10-06 12:51:13.253
INSTITUCIONAL - JARDINES SOCIALES;1170;14;107;INFO_FONDOS_LEY_ANUAL_FONIÑEZ_2017_C01_P1;10;COMFABOY;2017-10-06 12:51:13.253
INSTITUCIONAL - JARDINES SOCIALES;1170;14;107;INFO_FONDOS_LEY_ANUAL_FONIÑEZ_2017_C01_P1;10;COMFABOY;2017-10-06 12:51:13.253
INSTITUCIONAL - JARDINES SOCIALES;1170;14;107;INFO_FONDOS_LEY_ANUAL_FONIÑEZ_2017_C01_P1;10;COMFABOY;2017-10-06 12:51:13.253
INSTITUCIONAL - JARDINES SOCIALES;1170;14;107;INFO_FONDOS_LEY_ANUAL_FONIÑEZ_2017_C01_P1;10;COMFABOY;2017-10-06 12:51:13.253
INSTITUCIONAL - JARDINES SOCIALES;1170;14;107;INFO_FONDOS_LEY_ANUAL_FONIÑEZ_2017_C01_P1;10;COMFABOY;2017-10-06 12:51:13.253
INSTITUCIONAL - JARDINES SOCIALES;1170;14;107;INFO_FONDOS_LEY_ANUAL_FONIÑEZ_2017_C01_P1;10;COMFABOY;2017-10-06 12:51:13.253
INSTITUCIONAL - CENTRO DESARROLLO INFANTIL;170;1;16;INFO_FONDOS_LEY_ANUAL_FONIÑEZ_2017_C01_P1;24;COMPENSAR;2017-10-19 09:43:44.243
INSTITUCIONAL - JARDINES SOCIALES;4882;19;433;INFO_FONDOS_LEY_ANUAL_FONIÑEZ_2017_C01_P1;24;COMPENSAR;2017-10-19 09:43:44.243
INSTITUCIONAL - PREESCOLARES;10000;70;215;INFO_FONDOS_LEY_ANUAL_FONIÑEZ_2017_C01_P1;24;COMPENSAR;2017-10-19 09:43:44.243
INSTITUCIONAL - CENTRO DESARROLLO INFANTIL;3208;155;250;INFO_FONDOS_LEY_ANUAL_FONIÑEZ_2017_C01_P1;24;COMPENSAR;2017-10-19 09:43:44.243
INSTITUCIONAL - CENTRO DESARROLLO INFANTIL;1871;144;144;INFO_FONDOS_LEY_ANUAL_FONIÑEZ_2017_C01_P1;34;COFREM;2017-10-24 00:21:56.347
INSTITUCIONAL - CENTRO DESARROLLO INFANTIL;400;2;27;INFO_FONDOS_LEY_ANUAL_FONIÑEZ_2017_C01_P1;34;COFREM;2017-10-24 00:21:56.347
INSTITUCIONAL - JARDINES SOCIALES;50;1;1;INFO_FONDOS_LEY_ANUAL_FONIÑEZ_2017_C01_P1;34;COFREM;2017-10-24 00:21:56.347
FAMILIAR - DESARROLLO INFANTIL EN MEDIO FAMILIAR;1656;33;0;INFO_FONDOS_LEY_ANUAL_FONIÑEZ_2017_C01_P1;16;COMFACOR;2017-10-31 18:39:48.330
INSTITUCIONAL - CENTRO DESARROLLO INFANTIL;2146;20;626;INFO_FONDOS_LEY_ANUAL_FONIÑEZ_2017_C01_P1;63;COMFAMILIAR Putumayo;2017-12-19 17:03:12.340
INSTITUCIONAL - HOGARES INFANTILES;210;2;80;INFO_FONDOS_LEY_ANUAL_FONIÑEZ_2017_C01_P1;63;COMFAMILIAR Putumayo;2017-12-19 17:03:12.340
INSTITUCIONAL - PREESCOLARES;831;10;56;INFO_FONDOS_LEY_ANUAL_FONIÑEZ_2017_C01_P1;63;COMFAMILIAR Putumayo;2017-12-19 17:03:12.340
INSTITUCIONAL - CENTRO DESARROLLO INFANTIL;13;1;8;INFO_FONDOS_LEY_ANUAL_FONIÑEZ_2017_C01_P1;63;COMFAMILIAR Putumayo;2017-12-19 17:03:12.340
INSTITUCIONAL - CENTRO DESARROLLO INFANTIL;1200;4;88;INFO_FONDOS_LEY_ANUAL_FONIÑEZ_2017_C01_P1;39;CAJASAN;2017-12-20 12:49:52.580
INSTITUCIONAL - JARDINES SOCIALES;325;5;36;INFO_FONDOS_LEY_ANUAL_FONIÑEZ_2017_C01_P1;39;CAJASAN;2017-12-20 12:49:52.580
INSTITUCIONAL - CENTRO DESARROLLO INFANTIL;200;20;22;INFO_FONDOS_LEY_ANUAL_FONIÑEZ_2017_C01_P1;39;CAJASAN;2017-12-20 12:49:52.580
INSTITUCIONAL - CENTRO DESARROLLO INFANTIL;200;17;19;INFO_FONDOS_LEY_ANUAL_FONIÑEZ_2017_C01_P1;39;CAJASAN;2017-12-20 12:49:52.580
INSTITUCIONAL - CENTRO DESARROLLO INFANTIL;400;1;37;PLAN_ANUAL_EJECUCIÓN_FONINEZ_2018_C01_P1;57;COMFANDI;2018-02-15 15:23:05.560
INSTITUCIONAL - CENTRO DESARROLLO INFANTIL;100;1;12;PLAN_ANUAL_EJECUCIÓN_FONINEZ_2018_C01_P1;57;COMFANDI;2018-02-15 15:23:05.560
INSTITUCIONAL - CENTRO DESARROLLO INFANTIL;2080;160;160;PLAN_ANUAL_EJECUCIÓN_FONINEZ_2018_C01_P1;34;COFREM;2018-02-20 18:00:27.970
INSTITUCIONAL - CENTRO DESARROLLO INFANTIL;400;2;27;PLAN_ANUAL_EJECUCIÓN_FONINEZ_2018_C01_P1;34;COFREM;2018-02-20 18:00:27.970
INSTITUCIONAL - CENTRO DESARROLLO INFANTIL;50;1;2;PLAN_ANUAL_EJECUCIÓN_FONINEZ_2018_C01_P1;34;COFREM;2018-02-20 18:00:27.970
INSTITUCIONAL - CENTRO DESARROLLO INFANTIL;960;29;0;PLAN_ANUAL_EJECUCIÓN_FONINEZ_2018_C01_P1;22;COLSUBSIDIO;2018-02-22 17:56:38.737
INSTITUCIONAL - JARDINES SOCIALES;7203;29;0;PLAN_ANUAL_EJECUCIÓN_FONINEZ_2018_C01_P1;22;COLSUBSIDIO;2018-02-22 17:56:38.737
INSTITUCIONAL - PREESCOLARES;29647;162;0;PLAN_ANUAL_EJECUCIÓN_FONINEZ_2018_C01_P1;22;COLSUBSIDIO;2018-02-22 17:56:38.737
INSTITUCIONAL - CENTRO DESARROLLO INFANTIL;320;0;40;PLAN_ANUAL_EJECUCIÓN_FONINEZ_2018_C01_P1;13;COMFACA Comfamiliar Caqueta;2018-02-26 09:30:40.500
INSTITUCIONAL - CENTRO DESARROLLO INFANTIL;320;0;40;PLAN_ANUAL_EJECUCIÓN_FONINEZ_2018_C01_P1;13;COMFACA Comfamiliar Caqueta;2018-02-26 09:30:40.500
INSTITUCIONAL - CENTRO DESARROLLO INFANTIL;320;0;40;PLAN_ANUAL_EJECUCIÓN_FONINEZ_2018_C01_P1;13;COMFACA Comfamiliar Caqueta;2018-02-26 09:30:40.500
INSTITUCIONAL - CENTRO DESARROLLO INFANTIL;320;0;40;PLAN_ANUAL_EJECUCIÓN_FONINEZ_2018_C01_P1;13;COMFACA Comfamiliar Caqueta;2018-02-26 09:30:40.500
INSTITUCIONAL - CENTRO DESARROLLO INFANTIL;320;0;40;PLAN_ANUAL_EJECUCIÓN_FONINEZ_2018_C01_P1;13;COMFACA Comfamiliar Caqueta;2018-02-26 09:30:40.500
INSTITUCIONAL - CENTRO DESARROLLO INFANTIL;320;0;40;PLAN_ANUAL_EJECUCIÓN_FONINEZ_2018_C01_P1;13;COMFACA Comfamiliar Caqueta;2018-02-26 09:30:40.500
INSTITUCIONAL - CENTRO DESARROLLO INFANTIL;320;0;40;PLAN_ANUAL_EJECUCIÓN_FONINEZ_2018_C01_P1;13;COMFACA Comfamiliar Caqueta;2018-02-26 09:30:40.500
INSTITUCIONAL - CENTRO DESARROLLO INFANTIL;320;0;40;PLAN_ANUAL_EJECUCIÓN_FONINEZ_2018_C01_P1;13;COMFACA Comfamiliar Caqueta;2018-02-26 09:30:40.500
INSTITUCIONAL - CENTRO DESARROLLO INFANTIL;320;0;40;PLAN_ANUAL_EJECUCIÓN_FONINEZ_2018_C01_P1;13;COMFACA Comfamiliar Caqueta;2018-02-26 09:30:40.500
INSTITUCIONAL - CENTRO DESARROLLO INFANTIL;320;0;40;PLAN_ANUAL_EJECUCIÓN_FONINEZ_2018_C01_P1;13;COMFACA Comfamiliar Caqueta;2018-02-26 09:30:40.500
INSTITUCIONAL - CENTRO DESARROLLO INFANTIL;320;0;40;PLAN_ANUAL_EJECUCIÓN_FONINEZ_2018_C01_P1;13;COMFACA Comfamiliar Caqueta;2018-02-26 09:30:40.500
INSTITUCIONAL - CENTRO DESARROLLO INFANTIL;320;0;40;PLAN_ANUAL_EJECUCIÓN_FONINEZ_2018_C01_P1;13;COMFACA Comfamiliar Caqueta;2018-02-26 09:30:40.500
INSTITUCIONAL - CENTRO DESARROLLO INFANTIL;320;0;40;PLAN_ANUAL_EJECUCIÓN_FONINEZ_2018_C01_P1;13;COMFACA Comfamiliar Caqueta;2018-02-26 09:30:40.500
INSTITUCIONAL - CENTRO DESARROLLO INFANTIL;320;0;40;PLAN_ANUAL_EJECUCIÓN_FONINEZ_2018_C01_P1;13;COMFACA Comfamiliar Caqueta;2018-02-26 09:30:40.500
INSTITUCIONAL - CENTRO DESARROLLO INFANTIL;320;0;40;PLAN_ANUAL_EJECUCIÓN_FONINEZ_2018_C01_P1;13;COMFACA Comfamiliar Caqueta;2018-02-26 09:30:40.500
INSTITUCIONAL - CENTRO DESARROLLO INFANTIL;320;0;40;PLAN_ANUAL_EJECUCIÓN_FONINEZ_2018_C01_P1;13;COMFACA Comfamiliar Caqueta;2018-02-26 09:30:40.500
INSTITUCIONAL - CENTRO DESARROLLO INFANTIL;320;0;40;PLAN_ANUAL_EJECUCIÓN_FONINEZ_2018_C01_P1;13;COMFACA Comfamiliar Caqueta;2018-02-26 09:30:40.500
INSTITUCIONAL - CENTRO DESARROLLO INFANTIL;320;0;40;PLAN_ANUAL_EJECUCIÓN_FONINEZ_2018_C01_P1;13;COMFACA Comfamiliar Caqueta;2018-02-26 09:30:40.500
INSTITUCIONAL - CENTRO DESARROLLO INFANTIL;320;0;40;PLAN_ANUAL_EJECUCIÓN_FONINEZ_2018_C01_P1;13;COMFACA Comfamiliar Caqueta;2018-02-26 09:30:40.500
INSTITUCIONAL - CENTRO DESARROLLO INFANTIL;320;0;40;PLAN_ANUAL_EJECUCIÓN_FONINEZ_2018_C01_P1;13;COMFACA Comfamiliar Caqueta;2018-02-26 09:30:40.500
INSTITUCIONAL - CENTRO DESARROLLO INFANTIL;320;0;40;PLAN_ANUAL_EJECUCIÓN_FONINEZ_2018_C01_P1;13;COMFACA Comfamiliar Caqueta;2018-02-26 09:30:40.500
INSTITUCIONAL - CENTRO DESARROLLO INFANTIL;320;0;40;PLAN_ANUAL_EJECUCIÓN_FONINEZ_2018_C01_P1;13;COMFACA Comfamiliar Caqueta;2018-02-26 09:30:40.500
INSTITUCIONAL - CENTRO DESARROLLO INFANTIL;320;0;40;PLAN_ANUAL_EJECUCIÓN_FONINEZ_2018_C01_P1;13;COMFACA Comfamiliar Caqueta;2018-02-26 09:30:40.500
INSTITUCIONAL - CENTRO DESARROLLO INFANTIL;320;0;40;PLAN_ANUAL_EJECUCIÓN_FONINEZ_2018_C01_P1;13;COMFACA Comfamiliar Caqueta;2018-02-26 09:30:40.500
INSTITUCIONAL - CENTRO DESARROLLO INFANTIL;320;0;40;PLAN_ANUAL_EJECUCIÓN_FONINEZ_2018_C01_P1;13;COMFACA Comfamiliar Caqueta;2018-02-26 09:30:40.500
INSTITUCIONAL - CENTRO DESARROLLO INFANTIL;320;0;40;PLAN_ANUAL_EJECUCIÓN_FONINEZ_2018_C01_P1;13;COMFACA Comfamiliar Caqueta;2018-02-26 09:30:40.500
INSTITUCIONAL - CENTRO DESARROLLO INFANTIL;320;0;40;PLAN_ANUAL_EJECUCIÓN_FONINEZ_2018_C01_P1;13;COMFACA Comfamiliar Caqueta;2018-02-26 09:30:40.500
INSTITUCIONAL - CENTRO DESARROLLO INFANTIL;320;0;40;PLAN_ANUAL_EJECUCIÓN_FONINEZ_2018_C01_P1;13;COMFACA Comfamiliar Caqueta;2018-02-26 09:30:40.500
INSTITUCIONAL - CENTRO DESARROLLO INFANTIL;320;0;40;PLAN_ANUAL_EJECUCIÓN_FONINEZ_2018_C01_P1;13;COMFACA Comfamiliar Caqueta;2018-02-26 09:30:40.500
INSTITUCIONAL - CENTRO DESARROLLO INFANTIL;0;0;0;PLAN_ANUAL_EJECUCIÓN_FONINEZ_2018_C01_P1;26;COMFACUNDI;2018-02-26 14:46:18.560
INSTITUCIONAL - JARDINES SOCIALES;4347;18;361;PLAN_ANUAL_EJECUCIÓN_FONINEZ_2018_C01_P1;24;COMPENSAR;2018-02-26 16:08:43.490
COMUNITARIA - HCB FAMILIARES;3248;133;233;PLAN_ANUAL_EJECUCIÓN_FONINEZ_2018_C01_P1;24;COMPENSAR;2018-02-26 16:08:43.490
INSTITUCIONAL - CENTRO DESARROLLO INFANTIL;140;1;12;PLAN_ANUAL_EJECUCIÓN_FONINEZ_2018_C01_P1;24;COMPENSAR;2018-02-26 16:08:43.490
INSTITUCIONAL - PREESCOLARES;10000;70;336;PLAN_ANUAL_EJECUCIÓN_FONINEZ_2018_C01_P1;24;COMPENSAR;2018-02-26 16:08:43.490
INSTITUCIONAL - CENTRO DESARROLLO INFANTIL;660;3;0;PLAN_ANUAL_EJECUCIÓN_FONINEZ_2018_C01_P1;21;CAFAM;2018-02-26 16:49:16.070
INSTITUCIONAL - JARDINES SOCIALES;3329;10;0;PLAN_ANUAL_EJECUCIÓN_FONINEZ_2018_C01_P1;21;CAFAM;2018-02-26 16:49:16.070
INSTITUCIONAL - CENTRO DESARROLLO INFANTIL;1923;8;142;PLAN_ANUAL_EJECUCIÓN_FONINEZ_2018_C01_P1;15;COMFACESAR;2018-02-26 19:55:31.530
COMUNITARIA - HCB FAMILIARES;4319;342;342;PLAN_ANUAL_EJECUCIÓN_FONINEZ_2018_C01_P1;15;COMFACESAR;2018-02-26 19:55:31.530
PROPIA - PROPIA (IMPLEMENTACIÓN DE LA CAJA DE COMPENSACIÓN CON LOS LINEAMIENTOS DEL ICBF);206;15;15;PLAN_ANUAL_EJECUCIÓN_FONINEZ_2018_C01_P1;15;COMFACESAR;2018-02-26 19:55:31.530
INSTITUCIONAL - CENTRO DESARROLLO INFANTIL;1123;16;65;PLAN_ANUAL_EJECUCIÓN_FONINEZ_2018_C01_P1;43;COMFENALCO Quindio;2018-02-27 07:56:05.703
INSTITUCIONAL - HOGARES INFANTILES;2013;19;87;PLAN_ANUAL_EJECUCIÓN_FONINEZ_2018_C01_P1;43;COMFENALCO Quindio;2018-02-27 07:56:05.703
INSTITUCIONAL - JARDINES SOCIALES;300;1;25;PLAN_ANUAL_EJECUCIÓN_FONINEZ_2018_C01_P1;43;COMFENALCO Quindio;2018-02-27 07:56:05.703
FAMILIAR - FAMILIA, MUJER E INFANCIA - FAMI;1585;21;141;PLAN_ANUAL_EJECUCIÓN_FONINEZ_2018_C01_P1;43;COMFENALCO Quindio;2018-02-27 07:56:05.703
INSTITUCIONAL - HOGARES INFANTILES;240;2;240;PLAN_ANUAL_EJECUCIÓN_FONINEZ_2018_C01_P1;40;COMFENALCO Santander;2018-02-27 08:56:59.973
INSTITUCIONAL - PREESCOLARES;1150;7;1497;PLAN_ANUAL_EJECUCIÓN_FONINEZ_2018_C01_P1;40;COMFENALCO Santander;2018-02-27 08:56:59.973
COMUNITARIA - HCB FAMILIARES;6816;568;27264;PLAN_ANUAL_EJECUCIÓN_FONINEZ_2018_C01_P1;40;COMFENALCO Santander;2018-02-27 08:56:59.973
PROPIA - PROPIA (IMPLEMENTACIÓN DE LA CAJA DE COMPENSACIÓN CON LOS LINEAMIENTOS DEL ICBF);30;30;0;PLAN_ANUAL_EJECUCIÓN_FONINEZ_2018_C01_P1;40;COMFENALCO Santander;2018-02-27 08:56:59.973
INSTITUCIONAL - CENTRO DESARROLLO INFANTIL;580;5;0;INFO_FONDOS_LEY_ANUAL_FONIÑEZ_2017_C01_P1;67;COMFIAR Arauca;2018-02-27 10:12:48.053
COMUNITARIA - HCB FAMILIARES;576;48;0;INFO_FONDOS_LEY_ANUAL_FONIÑEZ_2017_C01_P1;67;COMFIAR Arauca;2018-02-27 10:12:48.053
INSTITUCIONAL - PREESCOLARES;1994;32;0;PLAN_ANUAL_EJECUCIÓN_FONINEZ_2018_C01_P1;68;COMCAJA;2018-02-27 17:42:47.010
INSTITUCIONAL - CENTRO DESARROLLO INFANTIL;2413;19;67;INFO_FONDOS_LEY_ANUAL_FONIÑEZ_2017_C01_P1;43;COMFENALCO Quindio;2018-02-27 18:06:32.130
INSTITUCIONAL - HOGARES INFANTILES;1334;16;83;INFO_FONDOS_LEY_ANUAL_FONIÑEZ_2017_C01_P1;43;COMFENALCO Quindio;2018-02-27 18:06:32.130
FAMILIAR - FAMILIA, MUJER E INFANCIA - FAMI;2136;178;178;INFO_FONDOS_LEY_ANUAL_FONIÑEZ_2017_C01_P1;43;COMFENALCO Quindio;2018-02-27 18:06:32.130
COMUNITARIA - HCB FAMILIARES;3264;272;272;INFO_FONDOS_LEY_ANUAL_FONIÑEZ_2017_C01_P1;43;COMFENALCO Quindio;2018-02-27 18:06:32.130
INSTITUCIONAL - CENTRO DESARROLLO INFANTIL;0;0;0;PLAN_ANUAL_EJECUCIÓN_FONINEZ_2018_C01_P1;11;COMFAMILIAR Caldas;2018-02-28 07:44:03.853
INSTITUCIONAL - HOGARES INFANTILES;0;0;0;PLAN_ANUAL_EJECUCIÓN_FONINEZ_2018_C01_P1;11;COMFAMILIAR Caldas;2018-02-28 07:44:03.853
INSTITUCIONAL - HOGARES LACTANTES;0;0;0;PLAN_ANUAL_EJECUCIÓN_FONINEZ_2018_C01_P1;11;COMFAMILIAR Caldas;2018-02-28 07:44:03.853
INSTITUCIONAL - HCB MÚLTIPLES;0;0;0;PLAN_ANUAL_EJECUCIÓN_FONINEZ_2018_C01_P1;11;COMFAMILIAR Caldas;2018-02-28 07:44:03.853
PROPIA  - COMUNIDADES RURALES;0;0;0;PLAN_ANUAL_EJECUCIÓN_FONINEZ_2018_C01_P1;11;COMFAMILIAR Caldas;2018-02-28 07:44:03.853
COMUNITARIA - HCB FAMILIARES;0;0;0;PLAN_ANUAL_EJECUCIÓN_FONINEZ_2018_C01_P1;11;COMFAMILIAR Caldas;2018-02-28 07:44:03.853
COMUNITARIA  - HCB AGRUPADO;0;0;0;PLAN_ANUAL_EJECUCIÓN_FONINEZ_2018_C01_P1;11;COMFAMILIAR Caldas;2018-02-28 07:44:03.853
COMUNITARIA - HCB INTEGRALES;0;0;0;PLAN_ANUAL_EJECUCIÓN_FONINEZ_2018_C01_P1;11;COMFAMILIAR Caldas;2018-02-28 07:44:03.853
COMUNITARIA - HCB INSTRUCCIONAL INTEGRAL;0;0;0;PLAN_ANUAL_EJECUCIÓN_FONINEZ_2018_C01_P1;11;COMFAMILIAR Caldas;2018-02-28 07:44:03.853
PROPIA - PROPIA (IMPLEMENTACIÓN DE LA CAJA DE COMPENSACIÓN CON LOS LINEAMIENTOS DEL ICBF);6400;145;4020;PLAN_ANUAL_EJECUCIÓN_FONINEZ_2018_C01_P1;11;COMFAMILIAR Caldas;2018-02-28 07:44:03.853
PROPIA  - COMUNIDADES ÉTNICAS;0;0;0;PLAN_ANUAL_EJECUCIÓN_FONINEZ_2018_C01_P1;11;COMFAMILIAR Caldas;2018-02-28 07:44:03.853
INSTITUCIONAL - HCB EMPRESARIALES;0;0;0;PLAN_ANUAL_EJECUCIÓN_FONINEZ_2018_C01_P1;11;COMFAMILIAR Caldas;2018-02-28 07:44:03.853
INSTITUCIONAL - JARDINES SOCIALES;0;0;0;PLAN_ANUAL_EJECUCIÓN_FONINEZ_2018_C01_P1;11;COMFAMILIAR Caldas;2018-02-28 07:44:03.853
INSTITUCIONAL - PREESCOLARES;0;0;0;PLAN_ANUAL_EJECUCIÓN_FONINEZ_2018_C01_P1;11;COMFAMILIAR Caldas;2018-02-28 07:44:03.853
INSTITUCIONAL - NIÑOS Y NIÑAS HASTA LOS 3 AÑOS HIJOS DE MUJERES PRIVADA DE LA LIBERTAD;0;0;0;PLAN_ANUAL_EJECUCIÓN_FONINEZ_2018_C01_P1;11;COMFAMILIAR Caldas;2018-02-28 07:44:03.853
FAMILIAR - DESARROLLO INFANTIL EN MEDIO FAMILIAR;0;0;0;PLAN_ANUAL_EJECUCIÓN_FONINEZ_2018_C01_P1;11;COMFAMILIAR Caldas;2018-02-28 07:44:03.853
FAMILIAR - FAMILIA, MUJER E INFANCIA - FAMI;0;0;0;PLAN_ANUAL_EJECUCIÓN_FONINEZ_2018_C01_P1;11;COMFAMILIAR Caldas;2018-02-28 07:44:03.853
INSTITUCIONAL - CENTRO DESARROLLO INFANTIL;1520;6;134;PLAN_ANUAL_EJECUCIÓN_FONINEZ_2018_C01_P1;37;COMFANORTE;2018-02-28 09:41:12.943
INSTITUCIONAL - CENTRO DESARROLLO INFANTIL;1729;17;658;PLAN_ANUAL_EJECUCIÓN_FONINEZ_2018_C01_P1;63;COMFAMILIAR Putumayo;2018-02-28 10:29:57.133
INSTITUCIONAL - HOGARES INFANTILES;266;2;84;PLAN_ANUAL_EJECUCIÓN_FONINEZ_2018_C01_P1;63;COMFAMILIAR Putumayo;2018-02-28 10:29:57.133
COMUNITARIA - HCB FAMILIARES;69;4;9;PLAN_ANUAL_EJECUCIÓN_FONINEZ_2018_C01_P1;63;COMFAMILIAR Putumayo;2018-02-28 10:29:57.133
INSTITUCIONAL - HOGARES INFANTILES;60;1;75;PLAN_ANUAL_EJECUCIÓN_FONINEZ_2018_C01_P1;3;COMFENALCO Antioquia;2018-02-28 17:24:34.720
INSTITUCIONAL - JARDINES SOCIALES;120;1;130;PLAN_ANUAL_EJECUCIÓN_FONINEZ_2018_C01_P1;3;COMFENALCO Antioquia;2018-02-28 17:24:34.720
PROPIA - PROPIA (IMPLEMENTACIÓN DE LA CAJA DE COMPENSACIÓN CON LOS LINEAMIENTOS DEL ICBF);5800;27;4516;PLAN_ANUAL_EJECUCIÓN_FONINEZ_2018_C01_P1;3;COMFENALCO Antioquia;2018-02-28 17:24:34.720
COMUNITARIA - HCB INTEGRALES;2600;200;200;PLAN_ANUAL_EJECUCIÓN_FONINEZ_2018_C01_P1;7;COMFAMILIAR Atlántico;2018-02-28 17:32:13.960
INSTITUCIONAL - PREESCOLARES;2000;45;37;PLAN_ANUAL_EJECUCIÓN_FONINEZ_2018_C01_P1;38;CAFABA;2018-02-28 18:47:06.297
INSTITUCIONAL - CENTRO DESARROLLO INFANTIL;1235;8;0;PLAN_ANUAL_EJECUCIÓN_FONINEZ_2018_C01_P1;44;COMFAMILIAR Risaralda;2018-02-28 19:05:36.680
PROPIA - PROPIA (IMPLEMENTACIÓN DE LA CAJA DE COMPENSACIÓN CON LOS LINEAMIENTOS DEL ICBF);2771;17;0;PLAN_ANUAL_EJECUCIÓN_FONINEZ_2018_C01_P1;44;COMFAMILIAR Risaralda;2018-02-28 19:05:36.680
PROPIA  - COMUNIDADES ÉTNICAS;47;1;0;PLAN_ANUAL_EJECUCIÓN_FONINEZ_2018_C01_P1;44;COMFAMILIAR Risaralda;2018-02-28 19:05:36.680
PROPIA  - COMUNIDADES RURALES;143;5;0;PLAN_ANUAL_EJECUCIÓN_FONINEZ_2018_C01_P1;44;COMFAMILIAR Risaralda;2018-02-28 19:05:36.680
INSTITUCIONAL - PREESCOLARES;1920;35;0;PLAN_ANUAL_EJECUCIÓN_FONINEZ_2018_C01_P1;44;COMFAMILIAR Risaralda;2018-02-28 19:05:36.680
INSTITUCIONAL - PREESCOLARES;650;13;0;PLAN_ANUAL_EJECUCIÓN_FONINEZ_2018_C01_P1;41;COMFASUCRE;2018-02-28 19:19:47.400
COMUNITARIA - HCB FAMILIARES;200;15;0;PLAN_ANUAL_EJECUCIÓN_FONINEZ_2018_C01_P1;41;COMFASUCRE;2018-02-28 19:19:47.400
PROPIA - PROPIA (IMPLEMENTACIÓN DE LA CAJA DE COMPENSACIÓN CON LOS LINEAMIENTOS DEL ICBF);2100;2;0;PLAN_ANUAL_EJECUCIÓN_FONINEZ_2018_C01_P1;41;COMFASUCRE;2018-02-28 19:19:47.400
INSTITUCIONAL - CENTRO DESARROLLO INFANTIL;4414;37;202;PLAN_ANUAL_EJECUCIÓN_FONINEZ_2018_C01_P1;30;COMFAGUAJIRA;2018-02-28 19:21:15.733
INSTITUCIONAL - HOGARES INFANTILES;484;40;40;PLAN_ANUAL_EJECUCIÓN_FONINEZ_2018_C01_P1;30;COMFAGUAJIRA;2018-02-28 19:21:15.733
INSTITUCIONAL - PREESCOLARES;1140;38;38;PLAN_ANUAL_EJECUCIÓN_FONINEZ_2018_C01_P1;30;COMFAGUAJIRA;2018-02-28 19:21:15.733
INSTITUCIONAL - CENTRO DESARROLLO INFANTIL;228;3;14;PLAN_ANUAL_EJECUCIÓN_FONINEZ_2018_C01_P1;65;CAFAMAZ;2018-02-28 19:40:01.870
FAMILIAR - DESARROLLO INFANTIL EN MEDIO FAMILIAR;369;6;14;PLAN_ANUAL_EJECUCIÓN_FONINEZ_2018_C01_P1;65;CAFAMAZ;2018-02-28 19:40:01.870
PROPIA - PROPIA (IMPLEMENTACIÓN DE LA CAJA DE COMPENSACIÓN CON LOS LINEAMIENTOS DEL ICBF);7000;6;28;PLAN_ANUAL_EJECUCIÓN_FONINEZ_2018_C01_P1;33;CAJAMAG;2018-02-28 19:51:41.770
INSTITUCIONAL - CENTRO DESARROLLO INFANTIL;600;3;30;PLAN_ANUAL_EJECUCIÓN_FONINEZ_2018_C01_P1;5;CAJACOPI Barranquilla;2018-02-28 19:55:15.870
COMUNITARIA - HCB INTEGRALES;3900;300;300;PLAN_ANUAL_EJECUCIÓN_FONINEZ_2018_C01_P1;6;COMBARRANQUILLA;2018-02-28 19:57:07.600
COMUNITARIA  - HCB AGRUPADO;196;1;1;PLAN_ANUAL_EJECUCIÓN_FONINEZ_2018_C01_P1;46;CAFASUR;2018-02-28 20:18:25.770
INSTITUCIONAL - CENTRO DESARROLLO INFANTIL;315;2;11;PLAN_ANUAL_EJECUCIÓN_FONINEZ_2018_C01_P1;64;CAJASAI;2018-02-28 20:27:24.430
INSTITUCIONAL - HOGARES INFANTILES;0;0;0;PLAN_ANUAL_EJECUCIÓN_FONINEZ_2018_C01_P1;64;CAJASAI;2018-02-28 20:27:24.430
INSTITUCIONAL - HOGARES LACTANTES;0;0;0;PLAN_ANUAL_EJECUCIÓN_FONINEZ_2018_C01_P1;64;CAJASAI;2018-02-28 20:27:24.430
FAMILIAR - FAMILIA, MUJER E INFANCIA - FAMI;0;0;0;PLAN_ANUAL_EJECUCIÓN_FONINEZ_2018_C01_P1;64;CAJASAI;2018-02-28 20:27:24.430
COMUNITARIA - HCB FAMILIARES;0;0;0;PLAN_ANUAL_EJECUCIÓN_FONINEZ_2018_C01_P1;64;CAJASAI;2018-02-28 20:27:24.430
COMUNITARIA  - HCB AGRUPADO;0;0;0;PLAN_ANUAL_EJECUCIÓN_FONINEZ_2018_C01_P1;64;CAJASAI;2018-02-28 20:27:24.430
COMUNITARIA - HCB INTEGRALES;0;0;0;PLAN_ANUAL_EJECUCIÓN_FONINEZ_2018_C01_P1;64;CAJASAI;2018-02-28 20:27:24.430
COMUNITARIA - HCB INSTRUCCIONAL INTEGRAL;0;0;0;PLAN_ANUAL_EJECUCIÓN_FONINEZ_2018_C01_P1;64;CAJASAI;2018-02-28 20:27:24.430
PROPIA - PROPIA (IMPLEMENTACIÓN DE LA CAJA DE COMPENSACIÓN CON LOS LINEAMIENTOS DEL ICBF);0;0;0;PLAN_ANUAL_EJECUCIÓN_FONINEZ_2018_C01_P1;64;CAJASAI;2018-02-28 20:27:24.430
INSTITUCIONAL - HCB MÚLTIPLES;0;0;0;PLAN_ANUAL_EJECUCIÓN_FONINEZ_2018_C01_P1;64;CAJASAI;2018-02-28 20:27:24.430
INSTITUCIONAL - HCB EMPRESARIALES;0;0;0;PLAN_ANUAL_EJECUCIÓN_FONINEZ_2018_C01_P1;64;CAJASAI;2018-02-28 20:27:24.430
INSTITUCIONAL - JARDINES SOCIALES;0;0;0;PLAN_ANUAL_EJECUCIÓN_FONINEZ_2018_C01_P1;64;CAJASAI;2018-02-28 20:27:24.430
INSTITUCIONAL - PREESCOLARES;0;0;0;PLAN_ANUAL_EJECUCIÓN_FONINEZ_2018_C01_P1;64;CAJASAI;2018-02-28 20:27:24.430
INSTITUCIONAL - NIÑOS Y NIÑAS HASTA LOS 3 AÑOS HIJOS DE MUJERES PRIVADA DE LA LIBERTAD;0;0;0;PLAN_ANUAL_EJECUCIÓN_FONINEZ_2018_C01_P1;64;CAJASAI;2018-02-28 20:27:24.430
FAMILIAR - DESARROLLO INFANTIL EN MEDIO FAMILIAR;100;1;4;PLAN_ANUAL_EJECUCIÓN_FONINEZ_2018_C01_P1;64;CAJASAI;2018-02-28 20:27:24.430
PROPIA  - COMUNIDADES ÉTNICAS;0;0;0;PLAN_ANUAL_EJECUCIÓN_FONINEZ_2018_C01_P1;64;CAJASAI;2018-02-28 20:27:24.430
PROPIA  - COMUNIDADES RURALES;0;0;0;PLAN_ANUAL_EJECUCIÓN_FONINEZ_2018_C01_P1;64;CAJASAI;2018-02-28 20:27:24.430
PROPIA - PROPIA (IMPLEMENTACIÓN DE LA CAJA DE COMPENSACIÓN CON LOS LINEAMIENTOS DEL ICBF);702;10;50;PLAN_ANUAL_EJECUCIÓN_FONINEZ_2018_C01_P1;14;COMFACAUCA;2018-02-28 20:54:25.220
INSTITUCIONAL - CENTRO DESARROLLO INFANTIL;1965;10;118;PLAN_ANUAL_EJECUCIÓN_FONINEZ_2018_C01_P1;8;COMFENALCO Cartagena;2018-02-28 21:21:25.713
INSTITUCIONAL - HOGARES INFANTILES;150;1;9;PLAN_ANUAL_EJECUCIÓN_FONINEZ_2018_C01_P1;8;COMFENALCO Cartagena;2018-02-28 21:21:25.713
INSTITUCIONAL - HCB EMPRESARIALES;50;1;4;PLAN_ANUAL_EJECUCIÓN_FONINEZ_2018_C01_P1;8;COMFENALCO Cartagena;2018-02-28 21:21:25.713
INSTITUCIONAL - PREESCOLARES;560;7;0;PLAN_ANUAL_EJECUCIÓN_FONINEZ_2018_C01_P1;8;COMFENALCO Cartagena;2018-02-28 21:21:25.713
FAMILIAR - FAMILIA, MUJER E INFANCIA - FAMI;120;12;10;PLAN_ANUAL_EJECUCIÓN_FONINEZ_2018_C01_P1;8;COMFENALCO Cartagena;2018-02-28 21:21:25.713
COMUNITARIA - HCB FAMILIARES;442;34;34;PLAN_ANUAL_EJECUCIÓN_FONINEZ_2018_C01_P1;8;COMFENALCO Cartagena;2018-02-28 21:21:25.713
INSTITUCIONAL - CENTRO DESARROLLO INFANTIL;0;0;0;PLAN_ANUAL_EJECUCIÓN_FONINEZ_2018_C01_P1;16;COMFACOR;2018-02-28 21:28:13.790
INSTITUCIONAL - HOGARES INFANTILES;0;0;0;PLAN_ANUAL_EJECUCIÓN_FONINEZ_2018_C01_P1;16;COMFACOR;2018-02-28 21:28:13.790
COMUNITARIA - HCB INTEGRALES;80;1;4;INFO_FONDOS_LEY_ANUAL_FONIÑEZ_2017_C01_P1;69;COMFACASANARE;2018-02-28 21:34:28.120
INSTITUCIONAL - CENTRO DESARROLLO INFANTIL;1174;8;99;PLAN_ANUAL_EJECUCIÓN_FONINEZ_2018_C01_P1;36;COMFAORIENTE;2018-02-28 21:47:23.963
FAMILIAR - DESARROLLO INFANTIL EN MEDIO FAMILIAR;550;11;22;PLAN_ANUAL_EJECUCIÓN_FONINEZ_2018_C01_P1;36;COMFAORIENTE;2018-02-28 21:47:23.963
INSTITUCIONAL - CENTRO DESARROLLO INFANTIL;1200;4;88;PLAN_ANUAL_EJECUCIÓN_FONINEZ_2018_C01_P1;39;CAJASAN;2018-02-28 23:18:12.750
INSTITUCIONAL - JARDINES SOCIALES;315;5;17;PLAN_ANUAL_EJECUCIÓN_FONINEZ_2018_C01_P1;39;CAJASAN;2018-02-28 23:18:12.750
COMUNITARIA - HCB FAMILIARES;356;30;17;PLAN_ANUAL_EJECUCIÓN_FONINEZ_2018_C01_P1;39;CAJASAN;2018-02-28 23:18:12.750
COMUNITARIA  - HCB AGRUPADO;44;4;0;PLAN_ANUAL_EJECUCIÓN_FONINEZ_2018_C01_P1;39;CAJASAN;2018-02-28 23:18:12.750
INSTITUCIONAL - CENTRO DESARROLLO INFANTIL;158;1;0;PLAN_ANUAL_EJECUCIÓN_FONINEZ_2018_C01_P1;48;COMFATOLIMA;2018-02-28 23:22:21.617
INSTITUCIONAL - CENTRO DESARROLLO INFANTIL;277;1;0;PLAN_ANUAL_EJECUCIÓN_FONINEZ_2018_C01_P1;48;COMFATOLIMA;2018-02-28 23:22:21.617
INSTITUCIONAL - CENTRO DESARROLLO INFANTIL;280;1;0;PLAN_ANUAL_EJECUCIÓN_FONINEZ_2018_C01_P1;48;COMFATOLIMA;2018-02-28 23:22:21.617
INSTITUCIONAL - CENTRO DESARROLLO INFANTIL;640;2;82;PLAN_ANUAL_EJECUCIÓN_FONINEZ_2018_C01_P1;32;COMFAMILIAR Huila;2018-03-01 16:23:13.977
INSTITUCIONAL - PREESCOLARES;2042;15;104;PLAN_ANUAL_EJECUCIÓN_FONINEZ_2018_C01_P1;32;COMFAMILIAR Huila;2018-03-01 16:23:13.977
INSTITUCIONAL - JARDINES SOCIALES;1020;13;75;PLAN_ANUAL_EJECUCIÓN_FONINEZ_2018_C01_P1;10;COMFABOY;2018-03-02 08:50:54.863
INSTITUCIONAL - JARDINES SOCIALES;1020;13;75;PLAN_ANUAL_EJECUCIÓN_FONINEZ_2018_C01_P1;10;COMFABOY;2018-03-02 08:50:54.863
INSTITUCIONAL - JARDINES SOCIALES;1020;13;75;PLAN_ANUAL_EJECUCIÓN_FONINEZ_2018_C01_P1;10;COMFABOY;2018-03-02 08:50:54.863
INSTITUCIONAL - JARDINES SOCIALES;1020;13;75;PLAN_ANUAL_EJECUCIÓN_FONINEZ_2018_C01_P1;10;COMFABOY;2018-03-02 08:50:54.863
INSTITUCIONAL - JARDINES SOCIALES;1020;13;75;PLAN_ANUAL_EJECUCIÓN_FONINEZ_2018_C01_P1;10;COMFABOY;2018-03-02 08:50:54.863
INSTITUCIONAL - JARDINES SOCIALES;1020;13;75;PLAN_ANUAL_EJECUCIÓN_FONINEZ_2018_C01_P1;10;COMFABOY;2018-03-02 08:50:54.863
INSTITUCIONAL - JARDINES SOCIALES;1020;13;75;PLAN_ANUAL_EJECUCIÓN_FONINEZ_2018_C01_P1;10;COMFABOY;2018-03-02 08:50:54.863
INSTITUCIONAL - JARDINES SOCIALES;1020;13;75;PLAN_ANUAL_EJECUCIÓN_FONINEZ_2018_C01_P1;10;COMFABOY;2018-03-02 08:50:54.863
INSTITUCIONAL - JARDINES SOCIALES;1020;13;75;PLAN_ANUAL_EJECUCIÓN_FONINEZ_2018_C01_P1;10;COMFABOY;2018-03-02 08:50:54.863
INSTITUCIONAL - JARDINES SOCIALES;1020;13;75;PLAN_ANUAL_EJECUCIÓN_FONINEZ_2018_C01_P1;10;COMFABOY;2018-03-02 08:50:54.863
INSTITUCIONAL - JARDINES SOCIALES;1020;13;75;PLAN_ANUAL_EJECUCIÓN_FONINEZ_2018_C01_P1;10;COMFABOY;2018-03-02 08:50:54.863
INSTITUCIONAL - JARDINES SOCIALES;1020;13;75;PLAN_ANUAL_EJECUCIÓN_FONINEZ_2018_C01_P1;10;COMFABOY;2018-03-02 08:50:54.863
INSTITUCIONAL - JARDINES SOCIALES;1020;13;75;PLAN_ANUAL_EJECUCIÓN_FONINEZ_2018_C01_P1;10;COMFABOY;2018-03-02 08:50:54.863
INSTITUCIONAL - HOGARES INFANTILES;325;3;25;PLAN_ANUAL_EJECUCIÓN_FONINEZ_2018_C01_P1;2;COMFAMILIAR CAMACOL;2018-03-02 13:36:57.593
INSTITUCIONAL - CENTRO DESARROLLO INFANTIL;622;6;0;PLAN_ANUAL_EJECUCIÓN_FONINEZ_2018_C01_P1;67;COMFIAR Arauca;2018-03-02 15:21:16.697
COMUNITARIA - HCB FAMILIARES;576;48;0;PLAN_ANUAL_EJECUCIÓN_FONINEZ_2018_C01_P1;67;COMFIAR Arauca;2018-03-02 15:21:16.697
INSTITUCIONAL - PREESCOLARES;2365;20;95;PLAN_ANUAL_EJECUCIÓN_FONINEZ_2018_C01_P1;9;COMFAMILIAR de Cartagena y Bolivar ;2018-03-05 07:56:29.613
INSTITUCIONAL - JARDINES SOCIALES;540;0;21;PLAN_ANUAL_EJECUCIÓN_FONINEZ_2018_C01_P1;35;COMFAMILIAR Nariño;2018-03-05 08:14:21.610
PROPIA  - COMUNIDADES RURALES;300;0;0;PLAN_ANUAL_EJECUCIÓN_FONINEZ_2018_C01_P1;35;COMFAMILIAR Nariño;2018-03-05 08:14:21.610
INSTITUCIONAL - CENTRO DESARROLLO INFANTIL;1015;1;0;PLAN_ANUAL_EJECUCIÓN_FONINEZ_2018_C01_P1;29;COMFACHOCO;2018-03-05 18:57:50.493
INSTITUCIONAL - HOGARES INFANTILES;80;1;0;PLAN_ANUAL_EJECUCIÓN_FONINEZ_2018_C01_P1;29;COMFACHOCO;2018-03-05 18:57:50.493
INSTITUCIONAL - PREESCOLARES;50;1;2;PLAN_ANUAL_EJECUCIÓN_FONINEZ_2018_C01_P1;29;COMFACHOCO;2018-03-05 18:57:50.493
INSTITUCIONAL - CENTRO DESARROLLO INFANTIL;1760;5;65;INFO_FONDOS_LEY_ANUAL_FONIÑEZ_2017_C01_P1;4;COMFAMA;2018-03-12 11:02:16.473
INSTITUCIONAL - HOGARES INFANTILES;545;1;27;INFO_FONDOS_LEY_ANUAL_FONIÑEZ_2017_C01_P1;4;COMFAMA;2018-03-12 11:02:16.473
PROPIA - PROPIA (IMPLEMENTACIÓN DE LA CAJA DE COMPENSACIÓN CON LOS LINEAMIENTOS DEL ICBF);5005;12;183;INFO_FONDOS_LEY_ANUAL_FONIÑEZ_2017_C01_P1;4;COMFAMA;2018-03-12 11:02:16.473
INSTITUCIONAL - CENTRO DESARROLLO INFANTIL;1395;6;126;INFO_FONDOS_LEY_ANUAL_FONIÑEZ_2017_C01_P1;37;COMFANORTE;2018-03-13 16:20:24.853
INSTITUCIONAL - CENTRO DESARROLLO INFANTIL;396;1;29;INFO_FONDOS_LEY_ANUAL_FONIÑEZ_2017_C01_P1;36;COMFAORIENTE;2018-03-14 18:10:27.033
INSTITUCIONAL - CENTRO DESARROLLO INFANTIL;300;1;24;INFO_FONDOS_LEY_ANUAL_FONIÑEZ_2017_C01_P1;36;COMFAORIENTE;2018-03-14 18:10:27.033
INSTITUCIONAL - PREESCOLARES;1052;12;68;PLAN_ANUAL_EJECUCIÓN_FONINEZ_2018_C01_P1;56;COMFENALCO Valle del Cauca;2018-05-17 08:40:10.953
INSTITUCIONAL - CENTRO DESARROLLO INFANTIL;100;1;12;PLAN_ANUAL_EJECUCIÓN_FONINEZ_2018_C01_P1;56;COMFENALCO Valle del Cauca;2018-05-17 08:40:10.953
INSTITUCIONAL - HOGARES INFANTILES;325;3;37;INFO_FONDOS_LEY_ANUAL_FONIÑEZ_2017_C01_P1;2;COMFAMILIAR CAMACOL;2018-08-22 16:10:16.597
COMUNITARIA  - HCB AGRUPADO;3024;39;216;PLAN_ANUAL_EJECUCIÓN_FONINEZ_2018_C01_P1;50;COMFENALCO Tolima;2018-09-07 17:53:55.450
COMUNITARIA - HCB FAMILIARES;2080;160;160;INFO_FONDOS_LEY_ANUAL_FONIÑEZ_2018_C01_P1;34;COFREM;2018-09-24 16:13:41.070
INSTITUCIONAL - CENTRO DESARROLLO INFANTIL;400;2;27;INFO_FONDOS_LEY_ANUAL_FONIÑEZ_2018_C01_P1;34;COFREM;2018-09-24 16:13:41.070
INSTITUCIONAL - JARDINES SOCIALES;50;1;2;INFO_FONDOS_LEY_ANUAL_FONIÑEZ_2018_C01_P1;34;COFREM;2018-09-24 16:13:41.070
COMUNITARIA  - HCB AGRUPADO;80;1;4;PLAN_ANUAL_EJECUCIÓN_FONINEZ_2018_C01_P1;69;COMFACASANARE;2018-10-26 09:05:30.257
INSTITUCIONAL - PREESCOLARES;5178;13;272;PLAN_ANUAL_EJECUCIÓN_FONINEZ_2018_C01_P1;4;COMFAMA;2018-11-09 07:44:39.433
INSTITUCIONAL - JARDINES SOCIALES;940;3;150;PLAN_ANUAL_EJECUCIÓN_FONINEZ_2018_C01_P1;4;COMFAMA;2018-11-09 07:44:39.433
FAMILIAR - DESARROLLO INFANTIL EN MEDIO FAMILIAR;1010;2;59;PLAN_ANUAL_EJECUCIÓN_FONINEZ_2018_C01_P1;4;COMFAMA;2018-11-09 07:44:39.433
INSTITUCIONAL - HOGARES INFANTILES;610;1;29;PLAN_ANUAL_EJECUCIÓN_FONINEZ_2018_C01_P1;4;COMFAMA;2018-11-09 07:44:39.433
PROPIA - PROPIA (IMPLEMENTACIÓN DE LA CAJA DE COMPENSACIÓN CON LOS LINEAMIENTOS DEL ICBF);22968;0;0;PLAN_ANUAL_EJECUCIÓN_FONINEZ_2018_C01_P1;4;COMFAMA;2018-11-09 07:44:39.433
INSTITUCIONAL - PREESCOLARES;0;0;0;PLAN_ANUAL_FONINEZ_2019_C01_P1;56;COMFENALCO Valle del Cauca;2019-02-11 19:40:25.180
INSTITUCIONAL - CENTRO DESARROLLO INFANTIL;660;3;0;PLAN_ANUAL_FONINEZ_2019_C01_P1;21;CAFAM;2019-02-14 16:57:43.860
INSTITUCIONAL - JARDINES SOCIALES;4027;11;0;PLAN_ANUAL_FONINEZ_2019_C01_P1;21;CAFAM;2019-02-14 16:57:43.860
INSTITUCIONAL - CENTRO DESARROLLO INFANTIL;400;1;35;PLAN_ANUAL_FONINEZ_2019_C01_P1;57;COMFANDI;2019-02-18 11:33:25.210
INSTITUCIONAL - CENTRO DESARROLLO INFANTIL;100;1;12;PLAN_ANUAL_FONINEZ_2019_C01_P1;57;COMFANDI;2019-02-18 11:33:25.210
INSTITUCIONAL - CENTRO DESARROLLO INFANTIL;1923;8;106;PLAN_ANUAL_FONINEZ_2019_C01_P1;15;COMFACESAR;2019-02-20 17:01:51.947
COMUNITARIA - HCB FAMILIARES;4439;352;352;PLAN_ANUAL_FONINEZ_2019_C01_P1;15;COMFACESAR;2019-02-20 17:01:51.947
PROPIA - PROPIA (IMPLEMENTACIÓN DE LA CAJA DE COMPENSACIÓN CON LOS LINEAMIENTOS DEL ICBF);206;15;15;PLAN_ANUAL_FONINEZ_2019_C01_P1;15;COMFACESAR;2019-02-20 17:01:51.947
COMUNITARIA - HCB FAMILIARES;2236;172;172;PLAN_ANUAL_FONINEZ_2019_C01_P1;34;COFREM;2019-02-21 11:39:38.210
INSTITUCIONAL - CENTRO DESARROLLO INFANTIL;400;2;27;PLAN_ANUAL_FONINEZ_2019_C01_P1;34;COFREM;2019-02-21 11:39:38.210
INSTITUCIONAL - JARDINES SOCIALES;50;1;2;PLAN_ANUAL_FONINEZ_2019_C01_P1;34;COFREM;2019-02-21 11:39:38.210
INSTITUCIONAL - JARDINES SOCIALES;6929;28;0;PLAN_ANUAL_FONINEZ_2019_C01_P1;22;COLSUBSIDIO;2019-02-21 20:34:33.907
INSTITUCIONAL - PREESCOLARES;32089;150;0;PLAN_ANUAL_FONINEZ_2019_C01_P1;22;COLSUBSIDIO;2019-02-21 20:34:33.907
PROPIA - PROPIA (IMPLEMENTACIÓN DE LA CAJA DE COMPENSACIÓN CON LOS LINEAMIENTOS DEL ICBF);960;29;0;PLAN_ANUAL_FONINEZ_2019_C01_P1;22;COLSUBSIDIO;2019-02-21 20:34:33.907
PROPIA - PROPIA (IMPLEMENTACIÓN DE LA CAJA DE COMPENSACIÓN CON LOS LINEAMIENTOS DEL ICBF);220;7;10;PLAN_ANUAL_FONINEZ_2019_C01_P1;50;COMFENALCO Tolima;2019-02-25 11:58:10.023
PROPIA - PROPIA (IMPLEMENTACIÓN DE LA CAJA DE COMPENSACIÓN CON LOS LINEAMIENTOS DEL ICBF);717;10;57;PLAN_ANUAL_FONINEZ_2019_C01_P1;14;COMFACAUCA;2019-02-25 17:27:41.303
COMUNITARIA  - HCB AGRUPADO;80;1;4;PLAN_ANUAL_FONINEZ_2019_C01_P1;69;COMFACASANARE;2019-02-26 11:21:35.017
INSTITUCIONAL - CENTRO DESARROLLO INFANTIL;460;2;0;PLAN_ANUAL_FONINEZ_2019_C01_P1;69;COMFACASANARE;2019-02-26 11:21:35.017
PROPIA - PROPIA (IMPLEMENTACIÓN DE LA CAJA DE COMPENSACIÓN CON LOS LINEAMIENTOS DEL ICBF);590;4;0;PLAN_ANUAL_FONINEZ_2019_C01_P1;69;COMFACASANARE;2019-02-26 11:21:35.017
INSTITUCIONAL - PREESCOLARES;1994;32;0;PLAN_ANUAL_FONINEZ_2019_C01_P1;68;COMCAJA;2019-02-26 14:07:40.240
INSTITUCIONAL - CENTRO DESARROLLO INFANTIL;0;0;0;PLAN_ANUAL_FONINEZ_2019_C01_P1;35;COMFAMILIAR Nariño;2019-02-26 16:26:19.997
INSTITUCIONAL - HOGARES INFANTILES;0;0;0;PLAN_ANUAL_FONINEZ_2019_C01_P1;35;COMFAMILIAR Nariño;2019-02-26 16:26:19.997
INSTITUCIONAL - HOGARES LACTANTES;0;0;0;PLAN_ANUAL_FONINEZ_2019_C01_P1;35;COMFAMILIAR Nariño;2019-02-26 16:26:19.997
INSTITUCIONAL - HCB MÚLTIPLES;0;0;0;PLAN_ANUAL_FONINEZ_2019_C01_P1;35;COMFAMILIAR Nariño;2019-02-26 16:26:19.997
COMUNITARIA - HCB FAMILIARES;0;0;0;PLAN_ANUAL_FONINEZ_2019_C01_P1;35;COMFAMILIAR Nariño;2019-02-26 16:26:19.997
COMUNITARIA  - HCB AGRUPADO;0;0;0;PLAN_ANUAL_FONINEZ_2019_C01_P1;35;COMFAMILIAR Nariño;2019-02-26 16:26:19.997
COMUNITARIA - HCB INTEGRALES;0;0;0;PLAN_ANUAL_FONINEZ_2019_C01_P1;35;COMFAMILIAR Nariño;2019-02-26 16:26:19.997
COMUNITARIA - HCB INSTRUCCIONAL INTEGRAL;0;0;0;PLAN_ANUAL_FONINEZ_2019_C01_P1;35;COMFAMILIAR Nariño;2019-02-26 16:26:19.997
PROPIA - PROPIA (IMPLEMENTACIÓN DE LA CAJA DE COMPENSACIÓN CON LOS LINEAMIENTOS DEL ICBF);0;0;0;PLAN_ANUAL_FONINEZ_2019_C01_P1;35;COMFAMILIAR Nariño;2019-02-26 16:26:19.997
PROPIA  - COMUNIDADES ÉTNICAS;0;0;0;PLAN_ANUAL_FONINEZ_2019_C01_P1;35;COMFAMILIAR Nariño;2019-02-26 16:26:19.997
INSTITUCIONAL - HCB EMPRESARIALES;0;0;0;PLAN_ANUAL_FONINEZ_2019_C01_P1;35;COMFAMILIAR Nariño;2019-02-26 16:26:19.997
INSTITUCIONAL - JARDINES SOCIALES;540;0;67;PLAN_ANUAL_FONINEZ_2019_C01_P1;35;COMFAMILIAR Nariño;2019-02-26 16:26:19.997
INSTITUCIONAL - PREESCOLARES;0;0;0;PLAN_ANUAL_FONINEZ_2019_C01_P1;35;COMFAMILIAR Nariño;2019-02-26 16:26:19.997
INSTITUCIONAL - NIÑOS Y NIÑAS HASTA LOS 3 AÑOS HIJOS DE MUJERES PRIVADA DE LA LIBERTAD;0;0;0;PLAN_ANUAL_FONINEZ_2019_C01_P1;35;COMFAMILIAR Nariño;2019-02-26 16:26:19.997
FAMILIAR - DESARROLLO INFANTIL EN MEDIO FAMILIAR;0;0;0;PLAN_ANUAL_FONINEZ_2019_C01_P1;35;COMFAMILIAR Nariño;2019-02-26 16:26:19.997
FAMILIAR - FAMILIA, MUJER E INFANCIA - FAMI;0;0;0;PLAN_ANUAL_FONINEZ_2019_C01_P1;35;COMFAMILIAR Nariño;2019-02-26 16:26:19.997
PROPIA  - COMUNIDADES RURALES;0;0;0;PLAN_ANUAL_FONINEZ_2019_C01_P1;35;COMFAMILIAR Nariño;2019-02-26 16:26:19.997
INSTITUCIONAL - CENTRO DESARROLLO INFANTIL;2144;9;190;PLAN_ANUAL_FONINEZ_2019_C01_P1;37;COMFANORTE;2019-02-26 16:27:35.640
COMUNITARIA - HCB INTEGRALES;2600;200;200;PLAN_ANUAL_FONINEZ_2019_C01_P1;6;COMBARRANQUILLA;2019-02-27 11:56:53.260
INSTITUCIONAL - CENTRO DESARROLLO INFANTIL;0;0;0;PLAN_ANUAL_FONINEZ_2019_C01_P1;11;COMFAMILIAR Caldas;2019-02-27 15:27:18.703
INSTITUCIONAL - HOGARES INFANTILES;0;0;0;PLAN_ANUAL_FONINEZ_2019_C01_P1;11;COMFAMILIAR Caldas;2019-02-27 15:27:18.703
INSTITUCIONAL - HOGARES LACTANTES;0;0;0;PLAN_ANUAL_FONINEZ_2019_C01_P1;11;COMFAMILIAR Caldas;2019-02-27 15:27:18.703
PROPIA  - COMUNIDADES ÉTNICAS;0;0;0;PLAN_ANUAL_FONINEZ_2019_C01_P1;11;COMFAMILIAR Caldas;2019-02-27 15:27:18.703
PROPIA  - COMUNIDADES RURALES;0;0;0;PLAN_ANUAL_FONINEZ_2019_C01_P1;11;COMFAMILIAR Caldas;2019-02-27 15:27:18.703
FAMILIAR - FAMILIA, MUJER E INFANCIA - FAMI;0;0;0;PLAN_ANUAL_FONINEZ_2019_C01_P1;11;COMFAMILIAR Caldas;2019-02-27 15:27:18.703
COMUNITARIA - HCB FAMILIARES;0;0;0;PLAN_ANUAL_FONINEZ_2019_C01_P1;11;COMFAMILIAR Caldas;2019-02-27 15:27:18.703
COMUNITARIA  - HCB AGRUPADO;0;0;0;PLAN_ANUAL_FONINEZ_2019_C01_P1;11;COMFAMILIAR Caldas;2019-02-27 15:27:18.703
COMUNITARIA - HCB INTEGRALES;0;0;0;PLAN_ANUAL_FONINEZ_2019_C01_P1;11;COMFAMILIAR Caldas;2019-02-27 15:27:18.703
COMUNITARIA - HCB INSTRUCCIONAL INTEGRAL;0;0;0;PLAN_ANUAL_FONINEZ_2019_C01_P1;11;COMFAMILIAR Caldas;2019-02-27 15:27:18.703
PROPIA - PROPIA (IMPLEMENTACIÓN DE LA CAJA DE COMPENSACIÓN CON LOS LINEAMIENTOS DEL ICBF);6527;150;4420;PLAN_ANUAL_FONINEZ_2019_C01_P1;11;COMFAMILIAR Caldas;2019-02-27 15:27:18.703
INSTITUCIONAL - HCB MÚLTIPLES;0;0;0;PLAN_ANUAL_FONINEZ_2019_C01_P1;11;COMFAMILIAR Caldas;2019-02-27 15:27:18.703
INSTITUCIONAL - HCB EMPRESARIALES;0;0;0;PLAN_ANUAL_FONINEZ_2019_C01_P1;11;COMFAMILIAR Caldas;2019-02-27 15:27:18.703
INSTITUCIONAL - JARDINES SOCIALES;0;0;0;PLAN_ANUAL_FONINEZ_2019_C01_P1;11;COMFAMILIAR Caldas;2019-02-27 15:27:18.703
INSTITUCIONAL - PREESCOLARES;0;0;0;PLAN_ANUAL_FONINEZ_2019_C01_P1;11;COMFAMILIAR Caldas;2019-02-27 15:27:18.703
INSTITUCIONAL - NIÑOS Y NIÑAS HASTA LOS 3 AÑOS HIJOS DE MUJERES PRIVADA DE LA LIBERTAD;0;0;0;PLAN_ANUAL_FONINEZ_2019_C01_P1;11;COMFAMILIAR Caldas;2019-02-27 15:27:18.703
FAMILIAR - DESARROLLO INFANTIL EN MEDIO FAMILIAR;0;0;0;PLAN_ANUAL_FONINEZ_2019_C01_P1;11;COMFAMILIAR Caldas;2019-02-27 15:27:18.703
INSTITUCIONAL - CENTRO DESARROLLO INFANTIL;640;2;82;PLAN_ANUAL_FONINEZ_2019_C01_P1;32;COMFAMILIAR Huila;2019-02-27 15:36:22.740
INSTITUCIONAL - PREESCOLARES;1976;15;104;PLAN_ANUAL_FONINEZ_2019_C01_P1;32;COMFAMILIAR Huila;2019-02-27 15:36:22.740
INSTITUCIONAL - CENTRO DESARROLLO INFANTIL;700;2;22;PLAN_ANUAL_FONINEZ_2019_C01_P1;5;CAJACOPI Barranquilla;2019-02-27 15:57:25.427
INSTITUCIONAL - CENTRO DESARROLLO INFANTIL;2959;19;0;PLAN_ANUAL_FONINEZ_2019_C01_P1;8;COMFENALCO Cartagena;2019-02-27 23:16:50.327
INSTITUCIONAL - HOGARES INFANTILES;285;2;0;PLAN_ANUAL_FONINEZ_2019_C01_P1;8;COMFENALCO Cartagena;2019-02-27 23:16:50.327
INSTITUCIONAL - HCB EMPRESARIALES;50;1;0;PLAN_ANUAL_FONINEZ_2019_C01_P1;8;COMFENALCO Cartagena;2019-02-27 23:16:50.327
INSTITUCIONAL - PREESCOLARES;335;3;0;PLAN_ANUAL_FONINEZ_2019_C01_P1;8;COMFENALCO Cartagena;2019-02-27 23:16:50.327
FAMILIAR - FAMILIA, MUJER E INFANCIA - FAMI;120;1;0;PLAN_ANUAL_FONINEZ_2019_C01_P1;8;COMFENALCO Cartagena;2019-02-27 23:16:50.327
COMUNITARIA - HCB FAMILIARES;429;1;0;PLAN_ANUAL_FONINEZ_2019_C01_P1;8;COMFENALCO Cartagena;2019-02-27 23:16:50.327
COMUNITARIA - HCB INTEGRALES;2600;200;200;PLAN_ANUAL_FONINEZ_2019_C01_P1;7;COMFAMILIAR Atlántico;2019-02-28 08:08:18.770
PROPIA - PROPIA (IMPLEMENTACIÓN DE LA CAJA DE COMPENSACIÓN CON LOS LINEAMIENTOS DEL ICBF);221;17;17;PLAN_ANUAL_FONINEZ_2019_C01_P1;7;COMFAMILIAR Atlántico;2019-02-28 08:08:18.770
INSTITUCIONAL - PREESCOLARES;2600;25;104;PLAN_ANUAL_FONINEZ_2019_C01_P1;9;COMFAMILIAR de Cartagena y Bolivar ;2019-02-28 10:04:09.890
INSTITUCIONAL - CENTRO DESARROLLO INFANTIL;300;1;0;PLAN_ANUAL_FONINEZ_2019_C01_P1;67;COMFIAR Arauca;2019-02-28 10:08:09.573
COMUNITARIA - HCB FAMILIARES;312;26;0;PLAN_ANUAL_FONINEZ_2019_C01_P1;67;COMFIAR Arauca;2019-02-28 10:08:09.573
PROPIA - PROPIA (IMPLEMENTACIÓN DE LA CAJA DE COMPENSACIÓN CON LOS LINEAMIENTOS DEL ICBF);214;4;0;PLAN_ANUAL_FONINEZ_2019_C01_P1;67;COMFIAR Arauca;2019-02-28 10:08:09.573
INSTITUCIONAL - HOGARES INFANTILES;60;1;75;PLAN_ANUAL_FONINEZ_2019_C01_P1;3;COMFENALCO Antioquia;2019-02-28 10:31:26.183
INSTITUCIONAL - JARDINES SOCIALES;120;1;130;PLAN_ANUAL_FONINEZ_2019_C01_P1;3;COMFENALCO Antioquia;2019-02-28 10:31:26.183
PROPIA - PROPIA (IMPLEMENTACIÓN DE LA CAJA DE COMPENSACIÓN CON LOS LINEAMIENTOS DEL ICBF);5570;25;4686;PLAN_ANUAL_FONINEZ_2019_C01_P1;3;COMFENALCO Antioquia;2019-02-28 10:31:26.183
FAMILIAR - DESARROLLO INFANTIL EN MEDIO FAMILIAR;1110;12;0;PLAN_ANUAL_FONINEZ_2019_C01_P1;4;COMFAMA;2019-02-28 10:43:50.793
INSTITUCIONAL - HOGARES INFANTILES;625;5;10;PLAN_ANUAL_FONINEZ_2019_C01_P1;4;COMFAMA;2019-02-28 10:43:50.793
INSTITUCIONAL - PREESCOLARES;5250;13;249;PLAN_ANUAL_FONINEZ_2019_C01_P1;4;COMFAMA;2019-02-28 10:43:50.793
INSTITUCIONAL - JARDINES SOCIALES;1640;6;141;PLAN_ANUAL_FONINEZ_2019_C01_P1;4;COMFAMA;2019-02-28 10:43:50.793
INSTITUCIONAL - CENTRO DESARROLLO INFANTIL;1850;21;1871;PLAN_ANUAL_FONINEZ_2019_C01_P1;63;COMFAMILIAR Putumayo;2019-02-28 11:04:23.290
FAMILIAR - DESARROLLO INFANTIL EN MEDIO FAMILIAR;205;11;216;PLAN_ANUAL_FONINEZ_2019_C01_P1;63;COMFAMILIAR Putumayo;2019-02-28 11:04:23.290
INSTITUCIONAL - CENTRO DESARROLLO INFANTIL;320;0;41;PLAN_ANUAL_FONINEZ_2019_C01_P1;13;COMFACA Comfamiliar Caqueta;2019-02-28 11:05:53.987
INSTITUCIONAL - JARDINES SOCIALES;685;10;79;PLAN_ANUAL_FONINEZ_2019_C01_P1;10;COMFABOY;2019-02-28 12:12:34.990
INSTITUCIONAL - JARDINES SOCIALES;685;10;79;PLAN_ANUAL_FONINEZ_2019_C01_P1;10;COMFABOY;2019-02-28 12:12:34.990
INSTITUCIONAL - JARDINES SOCIALES;685;10;79;PLAN_ANUAL_FONINEZ_2019_C01_P1;10;COMFABOY;2019-02-28 12:12:34.990
INSTITUCIONAL - JARDINES SOCIALES;685;10;79;PLAN_ANUAL_FONINEZ_2019_C01_P1;10;COMFABOY;2019-02-28 12:12:34.990
INSTITUCIONAL - JARDINES SOCIALES;685;10;79;PLAN_ANUAL_FONINEZ_2019_C01_P1;10;COMFABOY;2019-02-28 12:12:34.990
INSTITUCIONAL - JARDINES SOCIALES;685;10;79;PLAN_ANUAL_FONINEZ_2019_C01_P1;10;COMFABOY;2019-02-28 12:12:34.990
INSTITUCIONAL - JARDINES SOCIALES;685;10;79;PLAN_ANUAL_FONINEZ_2019_C01_P1;10;COMFABOY;2019-02-28 12:12:34.990
INSTITUCIONAL - JARDINES SOCIALES;685;10;79;PLAN_ANUAL_FONINEZ_2019_C01_P1;10;COMFABOY;2019-02-28 12:12:34.990
INSTITUCIONAL - JARDINES SOCIALES;685;10;79;PLAN_ANUAL_FONINEZ_2019_C01_P1;10;COMFABOY;2019-02-28 12:12:34.990
INSTITUCIONAL - JARDINES SOCIALES;685;10;79;PLAN_ANUAL_FONINEZ_2019_C01_P1;10;COMFABOY;2019-02-28 12:12:34.990
INSTITUCIONAL - JARDINES SOCIALES;4333;19;409;PLAN_ANUAL_FONINEZ_2019_C01_P1;24;COMPENSAR;2019-02-28 12:12:48.997
INSTITUCIONAL - PREESCOLARES;10000;0;0;PLAN_ANUAL_FONINEZ_2019_C01_P1;24;COMPENSAR;2019-02-28 12:12:48.997
INSTITUCIONAL - CENTRO DESARROLLO INFANTIL;570;2;45;PLAN_ANUAL_FONINEZ_2019_C01_P1;24;COMPENSAR;2019-02-28 12:12:48.997
COMUNITARIA  - HCB AGRUPADO;1956;27;112;PLAN_ANUAL_FONINEZ_2019_C01_P1;24;COMPENSAR;2019-02-28 12:12:48.997
FAMILIAR - DESARROLLO INFANTIL EN MEDIO FAMILIAR;900;1;16;PLAN_ANUAL_FONINEZ_2019_C01_P1;24;COMPENSAR;2019-02-28 12:12:48.997
PROPIA - PROPIA (IMPLEMENTACIÓN DE LA CAJA DE COMPENSACIÓN CON LOS LINEAMIENTOS DEL ICBF);7000;4;28;PLAN_ANUAL_FONINEZ_2019_C01_P1;33;CAJAMAG;2019-02-28 15:08:27.213
INSTITUCIONAL - CENTRO DESARROLLO INFANTIL;297;6;35;PLAN_ANUAL_FONINEZ_2019_C01_P1;65;CAFAMAZ;2019-02-28 16:42:56.803
COMUNITARIA - HCB INTEGRALES;469;15;25;PLAN_ANUAL_FONINEZ_2019_C01_P1;65;CAFAMAZ;2019-02-28 16:42:56.803
INSTITUCIONAL - JARDINES SOCIALES;300;1;25;PLAN_ANUAL_FONINEZ_2019_C01_P1;43;COMFENALCO Quindio;2019-02-28 17:17:57.133
FAMILIAR - FAMILIA, MUJER E INFANCIA - FAMI;1656;138;138;PLAN_ANUAL_FONINEZ_2019_C01_P1;43;COMFENALCO Quindio;2019-02-28 17:17:57.133
COMUNITARIA - HCB FAMILIARES;720;60;60;PLAN_ANUAL_FONINEZ_2019_C01_P1;43;COMFENALCO Quindio;2019-02-28 17:17:57.133
INSTITUCIONAL - CENTRO DESARROLLO INFANTIL;3479;26;3634;PLAN_ANUAL_FONINEZ_2019_C01_P1;30;COMFAGUAJIRA;2019-02-28 17:32:28.127
INSTITUCIONAL - HOGARES INFANTILES;561;45;596;PLAN_ANUAL_FONINEZ_2019_C01_P1;30;COMFAGUAJIRA;2019-02-28 17:32:28.127
PROPIA - PROPIA (IMPLEMENTACIÓN DE LA CAJA DE COMPENSACIÓN CON LOS LINEAMIENTOS DEL ICBF);200;1;200;PLAN_ANUAL_FONINEZ_2019_C01_P1;30;COMFAGUAJIRA;2019-02-28 17:32:28.127
INSTITUCIONAL - JARDINES SOCIALES;230;4;17;PLAN_ANUAL_FONINEZ_2019_C01_P1;39;CAJASAN;2019-02-28 17:40:54.943
INSTITUCIONAL - CENTRO DESARROLLO INFANTIL;1200;4;13;PLAN_ANUAL_FONINEZ_2019_C01_P1;39;CAJASAN;2019-02-28 17:40:54.943
COMUNITARIA - HCB FAMILIARES;776;60;0;PLAN_ANUAL_FONINEZ_2019_C01_P1;39;CAJASAN;2019-02-28 17:40:54.943
COMUNITARIA  - HCB AGRUPADO;36;3;0;PLAN_ANUAL_FONINEZ_2019_C01_P1;39;CAJASAN;2019-02-28 17:40:54.943
FAMILIAR - FAMILIA, MUJER E INFANCIA - FAMI;108;8;0;PLAN_ANUAL_FONINEZ_2019_C01_P1;39;CAJASAN;2019-02-28 17:40:54.943
INSTITUCIONAL - PREESCOLARES;240;2;240;PLAN_ANUAL_FONINEZ_2019_C01_P1;40;COMFENALCO Santander;2019-02-28 18:11:39.730
INSTITUCIONAL - HOGARES INFANTILES;1150;7;1284;PLAN_ANUAL_FONINEZ_2019_C01_P1;40;COMFENALCO Santander;2019-02-28 18:11:39.730
COMUNITARIA - HCB FAMILIARES;7284;607;31393;PLAN_ANUAL_FONINEZ_2019_C01_P1;40;COMFENALCO Santander;2019-02-28 18:11:39.730
INSTITUCIONAL - HCB EMPRESARIALES;15;1;0;PLAN_ANUAL_FONINEZ_2019_C01_P1;40;COMFENALCO Santander;2019-02-28 18:11:39.730
FAMILIAR - DESARROLLO INFANTIL EN MEDIO FAMILIAR;1400;28;76;PLAN_ANUAL_FONINEZ_2019_C01_P1;16;COMFACOR;2019-02-28 19:10:46.513
INSTITUCIONAL - CENTRO DESARROLLO INFANTIL;315;3;22;PLAN_ANUAL_FONINEZ_2019_C01_P1;64;CAJASAI;2019-02-28 20:27:13.400
INSTITUCIONAL - HOGARES INFANTILES;0;0;0;PLAN_ANUAL_FONINEZ_2019_C01_P1;64;CAJASAI;2019-02-28 20:27:13.400
INSTITUCIONAL - HOGARES LACTANTES;0;0;0;PLAN_ANUAL_FONINEZ_2019_C01_P1;64;CAJASAI;2019-02-28 20:27:13.400
INSTITUCIONAL - HCB MÚLTIPLES;0;0;0;PLAN_ANUAL_FONINEZ_2019_C01_P1;64;CAJASAI;2019-02-28 20:27:13.400
INSTITUCIONAL - HCB EMPRESARIALES;0;0;0;PLAN_ANUAL_FONINEZ_2019_C01_P1;64;CAJASAI;2019-02-28 20:27:13.400
COMUNITARIA  - HCB AGRUPADO;0;0;0;PLAN_ANUAL_FONINEZ_2019_C01_P1;64;CAJASAI;2019-02-28 20:27:13.400
COMUNITARIA - HCB INTEGRALES;0;0;0;PLAN_ANUAL_FONINEZ_2019_C01_P1;64;CAJASAI;2019-02-28 20:27:13.400
COMUNITARIA - HCB INSTRUCCIONAL INTEGRAL;0;0;0;PLAN_ANUAL_FONINEZ_2019_C01_P1;64;CAJASAI;2019-02-28 20:27:13.400
PROPIA - PROPIA (IMPLEMENTACIÓN DE LA CAJA DE COMPENSACIÓN CON LOS LINEAMIENTOS DEL ICBF);0;0;0;PLAN_ANUAL_FONINEZ_2019_C01_P1;64;CAJASAI;2019-02-28 20:27:13.400
PROPIA  - COMUNIDADES ÉTNICAS;0;0;0;PLAN_ANUAL_FONINEZ_2019_C01_P1;64;CAJASAI;2019-02-28 20:27:13.400
PROPIA  - COMUNIDADES RURALES;0;0;0;PLAN_ANUAL_FONINEZ_2019_C01_P1;64;CAJASAI;2019-02-28 20:27:13.400
INSTITUCIONAL - JARDINES SOCIALES;0;0;0;PLAN_ANUAL_FONINEZ_2019_C01_P1;64;CAJASAI;2019-02-28 20:27:13.400
INSTITUCIONAL - PREESCOLARES;0;0;0;PLAN_ANUAL_FONINEZ_2019_C01_P1;64;CAJASAI;2019-02-28 20:27:13.400
INSTITUCIONAL - NIÑOS Y NIÑAS HASTA LOS 3 AÑOS HIJOS DE MUJERES PRIVADA DE LA LIBERTAD;0;0;0;PLAN_ANUAL_FONINEZ_2019_C01_P1;64;CAJASAI;2019-02-28 20:27:13.400
FAMILIAR - DESARROLLO INFANTIL EN MEDIO FAMILIAR;100;8;4;PLAN_ANUAL_FONINEZ_2019_C01_P1;64;CAJASAI;2019-02-28 20:27:13.400
FAMILIAR - FAMILIA, MUJER E INFANCIA - FAMI;0;0;0;PLAN_ANUAL_FONINEZ_2019_C01_P1;64;CAJASAI;2019-02-28 20:27:13.400
COMUNITARIA - HCB FAMILIARES;0;0;0;PLAN_ANUAL_FONINEZ_2019_C01_P1;64;CAJASAI;2019-02-28 20:27:13.400
INSTITUCIONAL - CENTRO DESARROLLO INFANTIL;1154;8;99;PLAN_ANUAL_FONINEZ_2019_C01_P1;36;COMFAORIENTE;2019-02-28 20:50:03.040
FAMILIAR - DESARROLLO INFANTIL EN MEDIO FAMILIAR;550;11;22;PLAN_ANUAL_FONINEZ_2019_C01_P1;36;COMFAORIENTE;2019-02-28 20:50:03.040
INSTITUCIONAL - CENTRO DESARROLLO INFANTIL;718;3;0;PLAN_ANUAL_FONINEZ_2019_C01_P1;48;COMFATOLIMA;2019-02-28 21:13:35.087
INSTITUCIONAL - CENTRO DESARROLLO INFANTIL;20;2;20;PLAN_ANUAL_FONINEZ_2019_C01_P1;48;COMFATOLIMA;2019-02-28 21:13:35.087
FAMILIAR - FAMILIA, MUJER E INFANCIA - FAMI;20;2;20;PLAN_ANUAL_FONINEZ_2019_C01_P1;48;COMFATOLIMA;2019-02-28 21:13:35.087
COMUNITARIA  - HCB AGRUPADO;100;3;30;PLAN_ANUAL_FONINEZ_2019_C01_P1;48;COMFATOLIMA;2019-02-28 21:13:35.087
COMUNITARIA  - HCB AGRUPADO;360;1;1;PLAN_ANUAL_FONINEZ_2019_C01_P1;46;CAFASUR;2019-02-28 21:24:25.770
INSTITUCIONAL - CENTRO DESARROLLO INFANTIL;919;5;0;PLAN_ANUAL_FONINEZ_2019_C01_P1;29;COMFACHOCO;2019-02-28 21:42:36.467
INSTITUCIONAL - PREESCOLARES;80;1;0;PLAN_ANUAL_FONINEZ_2019_C01_P1;29;COMFACHOCO;2019-02-28 21:42:36.467
INSTITUCIONAL - HOGARES INFANTILES;111;2;0;PLAN_ANUAL_FONINEZ_2019_C01_P1;29;COMFACHOCO;2019-02-28 21:42:36.467
INSTITUCIONAL - PREESCOLARES;25;1;1;PLAN_ANUAL_FONINEZ_2019_C01_P1;29;COMFACHOCO;2019-02-28 21:42:36.467
INSTITUCIONAL - HOGARES INFANTILES;325;3;25;PLAN_ANUAL_FONINEZ_2019_C01_P1;2;COMFAMILIAR CAMACOL;2019-02-28 22:50:20.937
PROPIA - PROPIA (IMPLEMENTACIÓN DE LA CAJA DE COMPENSACIÓN CON LOS LINEAMIENTOS DEL ICBF);1937;0;0;PLAN_ANUAL_FONINEZ_2019_C01_P1;2;COMFAMILIAR CAMACOL;2019-02-28 22:50:20.937
INSTITUCIONAL - CENTRO DESARROLLO INFANTIL;1351;8;21;PLAN_ANUAL_FONINEZ_2019_C01_P1;44;COMFAMILIAR Risaralda;2019-04-16 08:11:34.020
PROPIA - PROPIA (IMPLEMENTACIÓN DE LA CAJA DE COMPENSACIÓN CON LOS LINEAMIENTOS DEL ICBF);3540;22;19;PLAN_ANUAL_FONINEZ_2019_C01_P1;44;COMFAMILIAR Risaralda;2019-04-16 08:11:34.020
PROPIA  - COMUNIDADES ÉTNICAS;86;1;2;PLAN_ANUAL_FONINEZ_2019_C01_P1;44;COMFAMILIAR Risaralda;2019-04-16 08:11:34.020
PROPIA  - COMUNIDADES RURALES;207;11;5;PLAN_ANUAL_FONINEZ_2019_C01_P1;44;COMFAMILIAR Risaralda;2019-04-16 08:11:34.020
INSTITUCIONAL - PREESCOLARES;2350;21;40;PLAN_ANUAL_FONINEZ_2019_C01_P1;38;CAFABA;2019-10-25 17:29:48.087
INSTITUCIONAL - CENTRO DESARROLLO INFANTIL;2500;21;0;PLAN_ANUAL_FONINEZ_2019_C01_P1;41;COMFASUCRE;2019-12-19 10:08:27.583
INSTITUCIONAL - PREESCOLARES;1100;18;0;PLAN_ANUAL_FONINEZ_2019_C01_P1;41;COMFASUCRE;2019-12-19 10:08:27.583
COMUNITARIA - HCB FAMILIARES;450;40;0;PLAN_ANUAL_FONINEZ_2019_C01_P1;41;COMFASUCRE;2019-12-19 10:08:27.583
PROPIA - PROPIA (IMPLEMENTACIÓN DE LA CAJA DE COMPENSACIÓN CON LOS LINEAMIENTOS DEL ICBF);150;1;0;PLAN_ANUAL_FONINEZ_2019_C01_P1;41;COMFASUCRE;2019-12-19 10:08:27.583
COMUNITARIA - HCB INTEGRALES;2600;200;200;FONDOS_LEY_FONIÑEZ_ANUAL_2020_P1;6;COMBARRANQUILLA;2020-02-24 10:30:37.903
INSTITUCIONAL - CENTRO DESARROLLO INFANTIL;400;3;0;FONDOS_LEY_FONIÑEZ_ANUAL_2020_P1;29;COMFACHOCO;2020-02-25 12:11:06.290
INSTITUCIONAL - PREESCOLARES;105;2;1;FONDOS_LEY_FONIÑEZ_ANUAL_2020_P1;29;COMFACHOCO;2020-02-25 12:11:06.290
INSTITUCIONAL - CENTRO DESARROLLO INFANTIL;0;0;0;FONDOS_LEY_FONIÑEZ_ANUAL_2020_P1;16;COMFACOR;2020-02-26 17:00:14.413
INSTITUCIONAL - HOGARES INFANTILES;0;0;0;FONDOS_LEY_FONIÑEZ_ANUAL_2020_P1;16;COMFACOR;2020-02-26 17:00:14.413
COMUNITARIA - HCB FAMILIARES;2520;194;194;FONDOS_LEY_FONIÑEZ_ANUAL_2020_P1;34;COFREM;2020-02-27 09:13:47.593
INSTITUCIONAL - CENTRO DESARROLLO INFANTIL;400;2;27;FONDOS_LEY_FONIÑEZ_ANUAL_2020_P1;34;COFREM;2020-02-27 09:13:47.593
INSTITUCIONAL - JARDINES SOCIALES;50;1;3;FONDOS_LEY_FONIÑEZ_ANUAL_2020_P1;34;COFREM;2020-02-27 09:13:47.593
INSTITUCIONAL - HOGARES INFANTILES;325;3;0;FONDOS_LEY_FONIÑEZ_ANUAL_2020_P1;2;COMFAMILIAR CAMACOL;2020-02-27 10:04:05.933
PROPIA - PROPIA (IMPLEMENTACIÓN DE LA CAJA DE COMPENSACIÓN CON LOS LINEAMIENTOS DEL ICBF);1165;700;0;FONDOS_LEY_FONIÑEZ_ANUAL_2020_P1;2;COMFAMILIAR CAMACOL;2020-02-27 10:04:05.933
INSTITUCIONAL - CENTRO DESARROLLO INFANTIL;0;0;0;FONDOS_LEY_FONIÑEZ_ANUAL_2020_P1;35;COMFAMILIAR Nariño;2020-02-27 10:28:40.777
INSTITUCIONAL - HOGARES INFANTILES;0;0;0;FONDOS_LEY_FONIÑEZ_ANUAL_2020_P1;35;COMFAMILIAR Nariño;2020-02-27 10:28:40.777
PROPIA - PROPIA (IMPLEMENTACIÓN DE LA CAJA DE COMPENSACIÓN CON LOS LINEAMIENTOS DEL ICBF);0;0;0;FONDOS_LEY_FONIÑEZ_ANUAL_2020_P1;35;COMFAMILIAR Nariño;2020-02-27 10:28:40.777
PROPIA  - COMUNIDADES ÉTNICAS;0;0;0;FONDOS_LEY_FONIÑEZ_ANUAL_2020_P1;35;COMFAMILIAR Nariño;2020-02-27 10:28:40.777
PROPIA  - COMUNIDADES RURALES;0;0;0;FONDOS_LEY_FONIÑEZ_ANUAL_2020_P1;35;COMFAMILIAR Nariño;2020-02-27 10:28:40.777
FAMILIAR - DESARROLLO INFANTIL EN MEDIO FAMILIAR;0;0;0;FONDOS_LEY_FONIÑEZ_ANUAL_2020_P1;35;COMFAMILIAR Nariño;2020-02-27 10:28:40.777
FAMILIAR - FAMILIA, MUJER E INFANCIA - FAMI;0;0;0;FONDOS_LEY_FONIÑEZ_ANUAL_2020_P1;35;COMFAMILIAR Nariño;2020-02-27 10:28:40.777
COMUNITARIA - HCB FAMILIARES;0;0;0;FONDOS_LEY_FONIÑEZ_ANUAL_2020_P1;35;COMFAMILIAR Nariño;2020-02-27 10:28:40.777
COMUNITARIA  - HCB AGRUPADO;0;0;0;FONDOS_LEY_FONIÑEZ_ANUAL_2020_P1;35;COMFAMILIAR Nariño;2020-02-27 10:28:40.777
COMUNITARIA - HCB INTEGRALES;0;0;0;FONDOS_LEY_FONIÑEZ_ANUAL_2020_P1;35;COMFAMILIAR Nariño;2020-02-27 10:28:40.777
COMUNITARIA - HCB INSTRUCCIONAL INTEGRAL;0;0;0;FONDOS_LEY_FONIÑEZ_ANUAL_2020_P1;35;COMFAMILIAR Nariño;2020-02-27 10:28:40.777
INSTITUCIONAL - HOGARES LACTANTES;0;0;0;FONDOS_LEY_FONIÑEZ_ANUAL_2020_P1;35;COMFAMILIAR Nariño;2020-02-27 10:28:40.777
INSTITUCIONAL - HCB MÚLTIPLES;0;0;0;FONDOS_LEY_FONIÑEZ_ANUAL_2020_P1;35;COMFAMILIAR Nariño;2020-02-27 10:28:40.777
INSTITUCIONAL - HCB EMPRESARIALES;0;0;0;FONDOS_LEY_FONIÑEZ_ANUAL_2020_P1;35;COMFAMILIAR Nariño;2020-02-27 10:28:40.777
INSTITUCIONAL - JARDINES SOCIALES;540;0;66;FONDOS_LEY_FONIÑEZ_ANUAL_2020_P1;35;COMFAMILIAR Nariño;2020-02-27 10:28:40.777
INSTITUCIONAL - PREESCOLARES;0;0;0;FONDOS_LEY_FONIÑEZ_ANUAL_2020_P1;35;COMFAMILIAR Nariño;2020-02-27 10:28:40.777
INSTITUCIONAL - NIÑOS Y NIÑAS HASTA LOS 3 AÑOS HIJOS DE MUJERES PRIVADA DE LA LIBERTAD;0;0;0;FONDOS_LEY_FONIÑEZ_ANUAL_2020_P1;35;COMFAMILIAR Nariño;2020-02-27 10:28:40.777
INSTITUCIONAL - CENTRO DESARROLLO INFANTIL;300;1;0;FONDOS_LEY_FONIÑEZ_ANUAL_2020_P1;67;COMFIAR Arauca;2020-02-27 10:33:05.217
PROPIA - PROPIA (IMPLEMENTACIÓN DE LA CAJA DE COMPENSACIÓN CON LOS LINEAMIENTOS DEL ICBF);560;12;0;FONDOS_LEY_FONIÑEZ_ANUAL_2020_P1;67;COMFIAR Arauca;2020-02-27 10:33:05.217
INSTITUCIONAL - CENTRO DESARROLLO INFANTIL;2098;8;172;FONDOS_LEY_FONIÑEZ_ANUAL_2020_P1;37;COMFANORTE;2020-02-27 10:34:30.017
INSTITUCIONAL - JARDINES SOCIALES;1201;10;79;FONDOS_LEY_FONIÑEZ_ANUAL_2020_P1;10;COMFABOY;2020-02-27 15:16:54.637
INSTITUCIONAL - CENTRO DESARROLLO INFANTIL;2616;18;67;FONDOS_LEY_FONIÑEZ_ANUAL_2020_P1;8;COMFENALCO Cartagena;2020-02-27 16:52:39.520
INSTITUCIONAL - HOGARES INFANTILES;608;4;7;FONDOS_LEY_FONIÑEZ_ANUAL_2020_P1;8;COMFENALCO Cartagena;2020-02-27 16:52:39.520
INSTITUCIONAL - HCB EMPRESARIALES;50;1;4;FONDOS_LEY_FONIÑEZ_ANUAL_2020_P1;8;COMFENALCO Cartagena;2020-02-27 16:52:39.520
INSTITUCIONAL - PREESCOLARES;391;3;0;FONDOS_LEY_FONIÑEZ_ANUAL_2020_P1;8;COMFENALCO Cartagena;2020-02-27 16:52:39.520
FAMILIAR - DESARROLLO INFANTIL EN MEDIO FAMILIAR;103;1;0;FONDOS_LEY_FONIÑEZ_ANUAL_2020_P1;8;COMFENALCO Cartagena;2020-02-27 16:52:39.520
FAMILIAR - FAMILIA, MUJER E INFANCIA - FAMI;120;1;0;FONDOS_LEY_FONIÑEZ_ANUAL_2020_P1;8;COMFENALCO Cartagena;2020-02-27 16:52:39.520
COMUNITARIA - HCB FAMILIARES;416;1;12;FONDOS_LEY_FONIÑEZ_ANUAL_2020_P1;8;COMFENALCO Cartagena;2020-02-27 16:52:39.520
PROPIA - PROPIA (IMPLEMENTACIÓN DE LA CAJA DE COMPENSACIÓN CON LOS LINEAMIENTOS DEL ICBF);717;10;57;FONDOS_LEY_FONIÑEZ_ANUAL_2020_P1;14;COMFACAUCA;2020-02-27 17:24:13.760
INSTITUCIONAL - PREESCOLARES;1500;60;60;FONDOS_LEY_FONIÑEZ_ANUAL_2020_P1;9;COMFAMILIAR de Cartagena y Bolivar ;2020-02-27 18:54:20.213
INSTITUCIONAL - PREESCOLARES;1100;13;0;FONDOS_LEY_FONIÑEZ_ANUAL_2020_P1;41;COMFASUCRE;2020-02-27 19:29:34.227
COMUNITARIA - HCB FAMILIARES;450;18;0;FONDOS_LEY_FONIÑEZ_ANUAL_2020_P1;41;COMFASUCRE;2020-02-27 19:29:34.227
PROPIA - PROPIA (IMPLEMENTACIÓN DE LA CAJA DE COMPENSACIÓN CON LOS LINEAMIENTOS DEL ICBF);150;3;0;FONDOS_LEY_FONIÑEZ_ANUAL_2020_P1;41;COMFASUCRE;2020-02-27 19:29:34.227
INSTITUCIONAL - CENTRO DESARROLLO INFANTIL;0;0;0;FONDOS_LEY_FONIÑEZ_ANUAL_2020_P1;11;COMFAMILIAR Caldas;2020-02-28 08:05:04.980
INSTITUCIONAL - HOGARES INFANTILES;0;0;0;FONDOS_LEY_FONIÑEZ_ANUAL_2020_P1;11;COMFAMILIAR Caldas;2020-02-28 08:05:04.980
INSTITUCIONAL - HOGARES LACTANTES;0;0;0;FONDOS_LEY_FONIÑEZ_ANUAL_2020_P1;11;COMFAMILIAR Caldas;2020-02-28 08:05:04.980
INSTITUCIONAL - HCB MÚLTIPLES;0;0;0;FONDOS_LEY_FONIÑEZ_ANUAL_2020_P1;11;COMFAMILIAR Caldas;2020-02-28 08:05:04.980
INSTITUCIONAL - HCB EMPRESARIALES;0;0;0;FONDOS_LEY_FONIÑEZ_ANUAL_2020_P1;11;COMFAMILIAR Caldas;2020-02-28 08:05:04.980
COMUNITARIA  - HCB AGRUPADO;0;0;0;FONDOS_LEY_FONIÑEZ_ANUAL_2020_P1;11;COMFAMILIAR Caldas;2020-02-28 08:05:04.980
COMUNITARIA - HCB INTEGRALES;0;0;0;FONDOS_LEY_FONIÑEZ_ANUAL_2020_P1;11;COMFAMILIAR Caldas;2020-02-28 08:05:04.980
COMUNITARIA - HCB INSTRUCCIONAL INTEGRAL;0;0;0;FONDOS_LEY_FONIÑEZ_ANUAL_2020_P1;11;COMFAMILIAR Caldas;2020-02-28 08:05:04.980
PROPIA - PROPIA (IMPLEMENTACIÓN DE LA CAJA DE COMPENSACIÓN CON LOS LINEAMIENTOS DEL ICBF);0;0;0;FONDOS_LEY_FONIÑEZ_ANUAL_2020_P1;11;COMFAMILIAR Caldas;2020-02-28 08:05:04.980
PROPIA  - COMUNIDADES ÉTNICAS;0;0;0;FONDOS_LEY_FONIÑEZ_ANUAL_2020_P1;11;COMFAMILIAR Caldas;2020-02-28 08:05:04.980
PROPIA  - COMUNIDADES RURALES;0;0;0;FONDOS_LEY_FONIÑEZ_ANUAL_2020_P1;11;COMFAMILIAR Caldas;2020-02-28 08:05:04.980
INSTITUCIONAL - JARDINES SOCIALES;0;0;0;FONDOS_LEY_FONIÑEZ_ANUAL_2020_P1;11;COMFAMILIAR Caldas;2020-02-28 08:05:04.980
INSTITUCIONAL - PREESCOLARES;6600;148;4000;FONDOS_LEY_FONIÑEZ_ANUAL_2020_P1;11;COMFAMILIAR Caldas;2020-02-28 08:05:04.980
INSTITUCIONAL - NIÑOS Y NIÑAS HASTA LOS 3 AÑOS HIJOS DE MUJERES PRIVADA DE LA LIBERTAD;0;0;0;FONDOS_LEY_FONIÑEZ_ANUAL_2020_P1;11;COMFAMILIAR Caldas;2020-02-28 08:05:04.980
FAMILIAR - DESARROLLO INFANTIL EN MEDIO FAMILIAR;0;0;0;FONDOS_LEY_FONIÑEZ_ANUAL_2020_P1;11;COMFAMILIAR Caldas;2020-02-28 08:05:04.980
FAMILIAR - FAMILIA, MUJER E INFANCIA - FAMI;0;0;0;FONDOS_LEY_FONIÑEZ_ANUAL_2020_P1;11;COMFAMILIAR Caldas;2020-02-28 08:05:04.980
COMUNITARIA - HCB FAMILIARES;0;0;0;FONDOS_LEY_FONIÑEZ_ANUAL_2020_P1;11;COMFAMILIAR Caldas;2020-02-28 08:05:04.980
PROPIA - PROPIA (IMPLEMENTACIÓN DE LA CAJA DE COMPENSACIÓN CON LOS LINEAMIENTOS DEL ICBF);400;7;10;FONDOS_LEY_FONIÑEZ_ANUAL_2020_P1;50;COMFENALCO Tolima;2020-02-28 11:49:39.240
INSTITUCIONAL - HOGARES INFANTILES;60;1;89;FONDOS_LEY_FONIÑEZ_ANUAL_2020_P1;3;COMFENALCO Antioquia;2020-02-28 14:24:32.803
INSTITUCIONAL - JARDINES SOCIALES;120;1;130;FONDOS_LEY_FONIÑEZ_ANUAL_2020_P1;3;COMFENALCO Antioquia;2020-02-28 14:24:32.803
PROPIA - PROPIA (IMPLEMENTACIÓN DE LA CAJA DE COMPENSACIÓN CON LOS LINEAMIENTOS DEL ICBF);4725;20;3026;FONDOS_LEY_FONIÑEZ_ANUAL_2020_P1;3;COMFENALCO Antioquia;2020-02-28 14:24:32.803
PROPIA - PROPIA (IMPLEMENTACIÓN DE LA CAJA DE COMPENSACIÓN CON LOS LINEAMIENTOS DEL ICBF);260;20;20;FONDOS_LEY_FONIÑEZ_ANUAL_2020_P1;7;COMFAMILIAR Atlántico;2020-02-28 15:01:40.500
COMUNITARIA - HCB INTEGRALES;2600;200;200;FONDOS_LEY_FONIÑEZ_ANUAL_2020_P1;7;COMFAMILIAR Atlántico;2020-02-28 15:01:40.500
PROPIA - PROPIA (IMPLEMENTACIÓN DE LA CAJA DE COMPENSACIÓN CON LOS LINEAMIENTOS DEL ICBF);5559;53;26;FONDOS_LEY_FONIÑEZ_ANUAL_2020_P1;44;COMFAMILIAR Risaralda;2020-02-28 15:16:56.727
PROPIA  - COMUNIDADES ÉTNICAS;52;1;1;FONDOS_LEY_FONIÑEZ_ANUAL_2020_P1;44;COMFAMILIAR Risaralda;2020-02-28 15:16:56.727
PROPIA  - COMUNIDADES RURALES;497;16;3;FONDOS_LEY_FONIÑEZ_ANUAL_2020_P1;44;COMFAMILIAR Risaralda;2020-02-28 15:16:56.727
INSTITUCIONAL - HOGARES INFANTILES;0;0;0;FONDOS_LEY_FONIÑEZ_ANUAL_2020_P1;44;COMFAMILIAR Risaralda;2020-02-28 15:16:56.727
INSTITUCIONAL - HOGARES LACTANTES;0;0;0;FONDOS_LEY_FONIÑEZ_ANUAL_2020_P1;44;COMFAMILIAR Risaralda;2020-02-28 15:16:56.727
INSTITUCIONAL - HCB MÚLTIPLES;0;0;0;FONDOS_LEY_FONIÑEZ_ANUAL_2020_P1;44;COMFAMILIAR Risaralda;2020-02-28 15:16:56.727
INSTITUCIONAL - CENTRO DESARROLLO INFANTIL;1235;8;20;FONDOS_LEY_FONIÑEZ_ANUAL_2020_P1;44;COMFAMILIAR Risaralda;2020-02-28 15:16:56.727
FAMILIAR - FAMILIA, MUJER E INFANCIA - FAMI;0;0;0;FONDOS_LEY_FONIÑEZ_ANUAL_2020_P1;44;COMFAMILIAR Risaralda;2020-02-28 15:16:56.727
COMUNITARIA - HCB FAMILIARES;0;0;0;FONDOS_LEY_FONIÑEZ_ANUAL_2020_P1;44;COMFAMILIAR Risaralda;2020-02-28 15:16:56.727
COMUNITARIA  - HCB AGRUPADO;0;0;0;FONDOS_LEY_FONIÑEZ_ANUAL_2020_P1;44;COMFAMILIAR Risaralda;2020-02-28 15:16:56.727
COMUNITARIA - HCB INTEGRALES;0;0;0;FONDOS_LEY_FONIÑEZ_ANUAL_2020_P1;44;COMFAMILIAR Risaralda;2020-02-28 15:16:56.727
COMUNITARIA - HCB INSTRUCCIONAL INTEGRAL;0;0;0;FONDOS_LEY_FONIÑEZ_ANUAL_2020_P1;44;COMFAMILIAR Risaralda;2020-02-28 15:16:56.727
INSTITUCIONAL - HCB EMPRESARIALES;0;0;0;FONDOS_LEY_FONIÑEZ_ANUAL_2020_P1;44;COMFAMILIAR Risaralda;2020-02-28 15:16:56.727
INSTITUCIONAL - JARDINES SOCIALES;0;0;0;FONDOS_LEY_FONIÑEZ_ANUAL_2020_P1;44;COMFAMILIAR Risaralda;2020-02-28 15:16:56.727
INSTITUCIONAL - PREESCOLARES;0;0;0;FONDOS_LEY_FONIÑEZ_ANUAL_2020_P1;44;COMFAMILIAR Risaralda;2020-02-28 15:16:56.727
INSTITUCIONAL - NIÑOS Y NIÑAS HASTA LOS 3 AÑOS HIJOS DE MUJERES PRIVADA DE LA LIBERTAD;0;0;0;FONDOS_LEY_FONIÑEZ_ANUAL_2020_P1;44;COMFAMILIAR Risaralda;2020-02-28 15:16:56.727
FAMILIAR - DESARROLLO INFANTIL EN MEDIO FAMILIAR;0;0;0;FONDOS_LEY_FONIÑEZ_ANUAL_2020_P1;44;COMFAMILIAR Risaralda;2020-02-28 15:16:56.727
COMUNITARIA  - HCB AGRUPADO;720;1;0;FONDOS_LEY_FONIÑEZ_ANUAL_2020_P1;46;CAFASUR;2020-02-28 15:38:54.707
INSTITUCIONAL - CENTRO DESARROLLO INFANTIL;570;2;120;FONDOS_LEY_FONIÑEZ_ANUAL_2020_P1;48;COMFATOLIMA;2020-02-28 15:50:32.057
COMUNITARIA  - HCB AGRUPADO;273;7;21;FONDOS_LEY_FONIÑEZ_ANUAL_2020_P1;48;COMFATOLIMA;2020-02-28 15:50:32.057
INSTITUCIONAL - HOGARES INFANTILES;60;1;3;FONDOS_LEY_FONIÑEZ_ANUAL_2020_P1;48;COMFATOLIMA;2020-02-28 15:50:32.057
INSTITUCIONAL - JARDINES SOCIALES;230;3;20;FONDOS_LEY_FONIÑEZ_ANUAL_2020_P1;39;CAJASAN;2020-02-28 16:02:32.253
INSTITUCIONAL - CENTRO DESARROLLO INFANTIL;1200;4;59;FONDOS_LEY_FONIÑEZ_ANUAL_2020_P1;39;CAJASAN;2020-02-28 16:02:32.253
COMUNITARIA - HCB FAMILIARES;848;71;0;FONDOS_LEY_FONIÑEZ_ANUAL_2020_P1;39;CAJASAN;2020-02-28 16:02:32.253
FAMILIAR - FAMILIA, MUJER E INFANCIA - FAMI;420;30;0;FONDOS_LEY_FONIÑEZ_ANUAL_2020_P1;39;CAJASAN;2020-02-28 16:02:32.253
INSTITUCIONAL - CENTRO DESARROLLO INFANTIL;2210;22;2232;FONDOS_LEY_FONIÑEZ_ANUAL_2020_P1;63;COMFAMILIAR Putumayo;2020-02-28 16:21:36.430
FAMILIAR - DESARROLLO INFANTIL EN MEDIO FAMILIAR;205;10;215;FONDOS_LEY_FONIÑEZ_ANUAL_2020_P1;63;COMFAMILIAR Putumayo;2020-02-28 16:21:36.430
INSTITUCIONAL - CENTRO DESARROLLO INFANTIL;395;1;35;FONDOS_LEY_FONIÑEZ_ANUAL_2020_P1;57;COMFANDI;2020-02-28 16:26:58.540
INSTITUCIONAL - CENTRO DESARROLLO INFANTIL;97;1;12;FONDOS_LEY_FONIÑEZ_ANUAL_2020_P1;57;COMFANDI;2020-02-28 16:26:58.540
COMUNITARIA - HCB FAMILIARES;75;1;75;FONDOS_LEY_FONIÑEZ_ANUAL_2020_P1;57;COMFANDI;2020-02-28 16:26:58.540
INSTITUCIONAL - PREESCOLARES;1932;29;0;FONDOS_LEY_FONIÑEZ_ANUAL_2020_P1;68;COMCAJA;2020-02-28 16:33:54.793
INSTITUCIONAL - CENTRO DESARROLLO INFANTIL;658;3;0;FONDOS_LEY_FONIÑEZ_ANUAL_2020_P1;21;CAFAM;2020-02-28 16:38:41.770
INSTITUCIONAL - JARDINES SOCIALES;3717;10;0;FONDOS_LEY_FONIÑEZ_ANUAL_2020_P1;21;CAFAM;2020-02-28 16:38:41.770
INSTITUCIONAL - PREESCOLARES;2421;28;0;FONDOS_LEY_FONIÑEZ_ANUAL_2020_P1;21;CAFAM;2020-02-28 16:38:41.770
COMUNITARIA  - HCB AGRUPADO;80;1;4;FONDOS_LEY_FONIÑEZ_ANUAL_2020_P1;69;COMFACASANARE;2020-02-28 16:39:17.230
INSTITUCIONAL - CENTRO DESARROLLO INFANTIL;300;1;0;FONDOS_LEY_FONIÑEZ_ANUAL_2020_P1;69;COMFACASANARE;2020-02-28 16:39:17.230
INSTITUCIONAL - CENTRO DESARROLLO INFANTIL;134;1;0;FONDOS_LEY_FONIÑEZ_ANUAL_2020_P1;69;COMFACASANARE;2020-02-28 16:39:17.230
PROPIA - PROPIA (IMPLEMENTACIÓN DE LA CAJA DE COMPENSACIÓN CON LOS LINEAMIENTOS DEL ICBF);495;3;0;FONDOS_LEY_FONIÑEZ_ANUAL_2020_P1;69;COMFACASANARE;2020-02-28 16:39:17.230
COMUNITARIA  - HCB AGRUPADO;1995;34;301;FONDOS_LEY_FONIÑEZ_ANUAL_2020_P1;24;COMPENSAR;2020-02-28 16:44:16.247
FAMILIAR - DESARROLLO INFANTIL EN MEDIO FAMILIAR;900;1;0;FONDOS_LEY_FONIÑEZ_ANUAL_2020_P1;24;COMPENSAR;2020-02-28 16:44:16.247
INSTITUCIONAL - CENTRO DESARROLLO INFANTIL;570;2;36;FONDOS_LEY_FONIÑEZ_ANUAL_2020_P1;24;COMPENSAR;2020-02-28 16:44:16.247
INSTITUCIONAL - JARDINES SOCIALES;4655;19;457;FONDOS_LEY_FONIÑEZ_ANUAL_2020_P1;24;COMPENSAR;2020-02-28 16:44:16.247
INSTITUCIONAL - PREESCOLARES;12000;118;151;FONDOS_LEY_FONIÑEZ_ANUAL_2020_P1;24;COMPENSAR;2020-02-28 16:44:16.247
PROPIA - PROPIA (IMPLEMENTACIÓN DE LA CAJA DE COMPENSACIÓN CON LOS LINEAMIENTOS DEL ICBF);23081;41;0;FONDOS_LEY_FONIÑEZ_ANUAL_2020_P1;4;COMFAMA;2020-02-28 16:52:41.067
FAMILIAR - DESARROLLO INFANTIL EN MEDIO FAMILIAR;1180;13;64;FONDOS_LEY_FONIÑEZ_ANUAL_2020_P1;4;COMFAMA;2020-02-28 16:52:41.067
INSTITUCIONAL - HOGARES INFANTILES;635;5;78;FONDOS_LEY_FONIÑEZ_ANUAL_2020_P1;4;COMFAMA;2020-02-28 16:52:41.067
INSTITUCIONAL - JARDINES SOCIALES;1630;5;257;FONDOS_LEY_FONIÑEZ_ANUAL_2020_P1;4;COMFAMA;2020-02-28 16:52:41.067
INSTITUCIONAL - PREESCOLARES;5250;13;258;FONDOS_LEY_FONIÑEZ_ANUAL_2020_P1;4;COMFAMA;2020-02-28 16:52:41.067
INSTITUCIONAL - CENTRO DESARROLLO INFANTIL;0;0;0;FONDOS_LEY_FONIÑEZ_ANUAL_2020_P1;56;COMFENALCO Valle del Cauca;2020-02-28 17:12:54.317
INSTITUCIONAL - CENTRO DESARROLLO INFANTIL;0;0;0;FONDOS_LEY_FONIÑEZ_ANUAL_2020_P1;13;COMFACA Comfamiliar Caqueta;2020-02-28 17:38:53.090
INSTITUCIONAL - CENTRO DESARROLLO INFANTIL;0;0;0;FONDOS_LEY_FONIÑEZ_ANUAL_2020_P1;13;COMFACA Comfamiliar Caqueta;2020-02-28 17:38:53.090
PROPIA - PROPIA (IMPLEMENTACIÓN DE LA CAJA DE COMPENSACIÓN CON LOS LINEAMIENTOS DEL ICBF);7000;5;28;FONDOS_LEY_FONIÑEZ_ANUAL_2020_P1;33;CAJAMAG;2020-02-28 17:58:02.367
PROPIA - PROPIA (IMPLEMENTACIÓN DE LA CAJA DE COMPENSACIÓN CON LOS LINEAMIENTOS DEL ICBF);30;2;2;FONDOS_LEY_FONIÑEZ_ANUAL_2020_P1;65;CAFAMAZ;2020-02-28 18:24:35.170
INSTITUCIONAL - CENTRO DESARROLLO INFANTIL;640;2;82;FONDOS_LEY_FONIÑEZ_ANUAL_2020_P1;32;COMFAMILIAR Huila;2020-02-28 18:32:42.203
INSTITUCIONAL - PREESCOLARES;2178;17;24;FONDOS_LEY_FONIÑEZ_ANUAL_2020_P1;32;COMFAMILIAR Huila;2020-02-28 18:32:42.203
INSTITUCIONAL - CENTRO DESARROLLO INFANTIL;746;2;43;FONDOS_LEY_FONIÑEZ_ANUAL_2020_P1;36;COMFAORIENTE;2020-02-28 18:42:04.380
INSTITUCIONAL - JARDINES SOCIALES;6697;28;0;FONDOS_LEY_FONIÑEZ_ANUAL_2020_P1;22;COLSUBSIDIO;2020-02-28 18:45:48.990
INSTITUCIONAL - PREESCOLARES;36439;181;0;FONDOS_LEY_FONIÑEZ_ANUAL_2020_P1;22;COLSUBSIDIO;2020-02-28 18:45:48.990
FAMILIAR - DESARROLLO INFANTIL EN MEDIO FAMILIAR;1000;6;0;FONDOS_LEY_FONIÑEZ_ANUAL_2020_P1;22;COLSUBSIDIO;2020-02-28 18:45:48.990
PROPIA - PROPIA (IMPLEMENTACIÓN DE LA CAJA DE COMPENSACIÓN CON LOS LINEAMIENTOS DEL ICBF);1020;33;0;FONDOS_LEY_FONIÑEZ_ANUAL_2020_P1;22;COLSUBSIDIO;2020-02-28 18:45:48.990
PROPIA - PROPIA (IMPLEMENTACIÓN DE LA CAJA DE COMPENSACIÓN CON LOS LINEAMIENTOS DEL ICBF);630;1;500;FONDOS_LEY_FONIÑEZ_ANUAL_2020_P1;30;COMFAGUAJIRA;2020-02-28 20:16:23.883
INSTITUCIONAL - JARDINES SOCIALES;300;1;25;FONDOS_LEY_FONIÑEZ_ANUAL_2020_P1;43;COMFENALCO Quindio;2020-02-28 22:33:10.373
FAMILIAR - FAMILIA, MUJER E INFANCIA - FAMI;1476;123;123;FONDOS_LEY_FONIÑEZ_ANUAL_2020_P1;43;COMFENALCO Quindio;2020-02-28 22:33:10.373
COMUNITARIA - HCB FAMILIARES;708;59;59;FONDOS_LEY_FONIÑEZ_ANUAL_2020_P1;43;COMFENALCO Quindio;2020-02-28 22:33:10.373
INSTITUCIONAL - CENTRO DESARROLLO INFANTIL;600;2;22;FONDOS_LEY_FONIÑEZ_ANUAL_2020_P1;5;CAJACOPI Barranquilla;2020-02-29 14:31:33.703
INSTITUCIONAL - CENTRO DESARROLLO INFANTIL;295;3;22;FONDOS_LEY_FONIÑEZ_ANUAL_2020_P1;64;CAJASAI;2020-02-29 14:41:32.027
COMUNITARIA - HCB INSTRUCCIONAL INTEGRAL;0;0;0;FONDOS_LEY_FONIÑEZ_ANUAL_2020_P1;64;CAJASAI;2020-02-29 14:41:32.027
PROPIA - PROPIA (IMPLEMENTACIÓN DE LA CAJA DE COMPENSACIÓN CON LOS LINEAMIENTOS DEL ICBF);0;0;0;FONDOS_LEY_FONIÑEZ_ANUAL_2020_P1;64;CAJASAI;2020-02-29 14:41:32.027
PROPIA  - COMUNIDADES ÉTNICAS;0;0;0;FONDOS_LEY_FONIÑEZ_ANUAL_2020_P1;64;CAJASAI;2020-02-29 14:41:32.027
PROPIA  - COMUNIDADES RURALES;0;0;0;FONDOS_LEY_FONIÑEZ_ANUAL_2020_P1;64;CAJASAI;2020-02-29 14:41:32.027
INSTITUCIONAL - NIÑOS Y NIÑAS HASTA LOS 3 AÑOS HIJOS DE MUJERES PRIVADA DE LA LIBERTAD;0;0;0;FONDOS_LEY_FONIÑEZ_ANUAL_2020_P1;64;CAJASAI;2020-02-29 14:41:32.027
FAMILIAR - DESARROLLO INFANTIL EN MEDIO FAMILIAR;100;8;4;FONDOS_LEY_FONIÑEZ_ANUAL_2020_P1;64;CAJASAI;2020-02-29 14:41:32.027
FAMILIAR - FAMILIA, MUJER E INFANCIA - FAMI;0;0;0;FONDOS_LEY_FONIÑEZ_ANUAL_2020_P1;64;CAJASAI;2020-02-29 14:41:32.027
COMUNITARIA - HCB FAMILIARES;0;0;0;FONDOS_LEY_FONIÑEZ_ANUAL_2020_P1;64;CAJASAI;2020-02-29 14:41:32.027
COMUNITARIA  - HCB AGRUPADO;0;0;0;FONDOS_LEY_FONIÑEZ_ANUAL_2020_P1;64;CAJASAI;2020-02-29 14:41:32.027
COMUNITARIA - HCB INTEGRALES;0;0;0;FONDOS_LEY_FONIÑEZ_ANUAL_2020_P1;64;CAJASAI;2020-02-29 14:41:32.027
INSTITUCIONAL - HOGARES INFANTILES;0;0;0;FONDOS_LEY_FONIÑEZ_ANUAL_2020_P1;64;CAJASAI;2020-02-29 14:41:32.027
INSTITUCIONAL - HOGARES LACTANTES;0;0;0;FONDOS_LEY_FONIÑEZ_ANUAL_2020_P1;64;CAJASAI;2020-02-29 14:41:32.027
INSTITUCIONAL - HCB MÚLTIPLES;0;0;0;FONDOS_LEY_FONIÑEZ_ANUAL_2020_P1;64;CAJASAI;2020-02-29 14:41:32.027
INSTITUCIONAL - HCB EMPRESARIALES;0;0;0;FONDOS_LEY_FONIÑEZ_ANUAL_2020_P1;64;CAJASAI;2020-02-29 14:41:32.027
INSTITUCIONAL - JARDINES SOCIALES;0;0;0;FONDOS_LEY_FONIÑEZ_ANUAL_2020_P1;64;CAJASAI;2020-02-29 14:41:32.027
INSTITUCIONAL - PREESCOLARES;0;0;0;FONDOS_LEY_FONIÑEZ_ANUAL_2020_P1;64;CAJASAI;2020-02-29 14:41:32.027
INSTITUCIONAL - PREESCOLARES;2985;50;2985;FONDOS_LEY_FONIÑEZ_ANUAL_2020_P1;40;COMFENALCO Santander;2020-03-04 18:08:00.083
INSTITUCIONAL - HOGARES INFANTILES;240;2;240;FONDOS_LEY_FONIÑEZ_ANUAL_2020_P1;40;COMFENALCO Santander;2020-03-04 18:08:00.083
COMUNITARIA - HCB FAMILIARES;7712;645;7712;FONDOS_LEY_FONIÑEZ_ANUAL_2020_P1;40;COMFENALCO Santander;2020-03-04 18:08:00.083
COMUNITARIA - HCB FAMILIARES;1008;84;26;FONDOS_LEY_FONIÑEZ_ANUAL_2020_P1;38;CAFABA;2020-03-11 16:21:07.440
INSTITUCIONAL - CENTRO DESARROLLO INFANTIL;1924;8;206;FONDOS_LEY_FONIÑEZ_ANUAL_2020_P1;15;COMFACESAR;2020-03-18 14:56:13.223
INSTITUCIONAL - HOGARES LACTANTES;900;75;15;FONDOS_LEY_FONIÑEZ_ANUAL_2020_P1;15;COMFACESAR;2020-03-18 14:56:13.223
COMUNITARIA - HCB FAMILIARES;3823;319;15;FONDOS_LEY_FONIÑEZ_ANUAL_2020_P1;15;COMFACESAR;2020-03-18 14:56:13.223
PROPIA - PROPIA (IMPLEMENTACIÓN DE LA CAJA DE COMPENSACIÓN CON LOS LINEAMIENTOS DEL ICBF);50;1;2;FONDOS_LEY_FONIÑEZ_ANUAL_2020_P1;15;COMFACESAR;2020-03-18 14:56:13.223
